[20260123-19:38:40-462] INFO    main                 Main.main()                                            : Version: 1.5.8
[20260123-19:38:40-479] INFO    main                 PersistantConfig.init()                                : Persistant conig not found, creating new.
[20260123-19:39:32-996] INFO    Animation Thread     ConnectionController.connectButtonPressed()            : Connect button pressed
[20260123-19:39:32-999] INFO    Animation Thread     ConnectionController.connectWithInput()                : Try connecting with input
[20260123-19:39:33-037] INFO    ACC connection thread AccConnection.run()                                    : Starting connection thread
[20260123-19:39:33-068] INFO    ACC connection thread AccConnection.onRealtimeUpdate()                       : Initialising session
[20260123-19:39:33-071] INFO    ACC connection thread AccConnection.onSessionChanged()                       : session changed to QUALIFYING Index:0 sessionCount:0
[20260123-19:39:33-073] INFO    ACC connection thread GoogleSheetsAPIExtension.updateSpreadsheetTarget()     : Target Sheet changed to ""
[20260123-19:39:33-075] INFO    ACC connection thread ResultsExtension.createNewFile()                       : Session Changed, creating dirs and files
[20260123-19:39:33-078] INFO    ACC connection thread AccConnection.onSessionPhaseChaged()                   : session phase changed to STARTING
[20260123-19:39:33-078] INFO    ACC connection thread AccConnection.onSessionPhaseChaged()                   : session phase changed to PREFORMATION
[20260123-19:39:33-079] INFO    ACC connection thread AccConnection.onSessionPhaseChaged()                   : session phase changed to FORMATIONLAP
[20260123-19:39:33-079] INFO    ACC connection thread AccConnection.onSessionPhaseChaged()                   : session phase changed to PRESESSION
[20260123-19:39:33-080] INFO    ACC connection thread AccConnection.onSessionPhaseChaged()                   : session phase changed to SESSION
[20260123-19:39:33-098] INFO    ACC connection thread AccConnection.onEntryListCarUpdate()                   : Car connected: #11 	Max Morais | ZMT
[20260123-19:39:33-099] INFO    ACC connection thread AccConnection.onEntryListCarUpdate()                   : Car connected: #111	Aaron Walsh
[20260123-19:39:33-101] INFO    ACC connection thread AccConnection.onEntryListCarUpdate()                   : Car connected: #720	liam whelan
[20260123-19:39:33-115] INFO    ACC connection thread TrackDataExtension.onEvent()                           : publishing track data event
[20260123-19:39:43-242] INFO    Animation Thread     BroadcastingController.setCameraSet()                  : Setting camera to set1 CameraTV2a
[20260123-19:39:45-141] INFO    Animation Thread     BroadcastingController.setCameraSet()                  : Setting camera to set2 CameraTV2B
[20260123-19:39:47-875] INFO    Animation Thread     BroadcastingController.setHudPage()                    : Setting HUD page to Broadcasting
[20260123-19:39:53-294] INFO    Animation Thread     BroadcastingController.setCameraSet()                  : Setting camera to set1 CameraTV2a
[20260123-19:40:03-269] INFO    ACC connection thread DangerDetectionExtension.setYellowFlag()               : Yellow Flag nr.0 :#111	00:04:57	00:00:00	[Spin]
[20260123-19:40:05-478] INFO    Animation Thread     BroadcastingController.setCameraSet()                  : Setting camera to Onboard Onboard3
[20260123-19:40:06-262] INFO    Animation Thread     BroadcastingController.setCameraSet()                  : Setting camera to Drivable DashPro
[20260123-19:40:14-816] INFO    Animation Thread     BroadcastingController.setCameraSet()                  : Setting camera to set2 CameraTV2B
[20260123-19:40:46-518] WARNING ACC connection thread AccConnection.run()                                    : Socket timed out.
java.net.SocketTimeoutException: Receive timed out
	at java.base/java.net.DualStackPlainDatagramSocketImpl.socketReceiveOrPeekData(Native Method)
	at java.base/java.net.DualStackPlainDatagramSocketImpl.receive0(DualStackPlainDatagramSocketImpl.java:124)
	at java.base/java.net.AbstractPlainDatagramSocketImpl.receive(AbstractPlainDatagramSocketImpl.java:182)
	at java.base/java.net.DatagramSocket.receive(DatagramSocket.java:815)
	at racecontrol.client.AccConnection.run(AccConnection.java:150)

[20260123-19:40:46-522] INFO    ACC connection thread AccConnection.run()                                    : Connection thread done
[20260123-19:49:49-979] INFO    Animation Thread     ConnectionController.connectButtonPressed()            : Connect button pressed
[20260123-19:49:49-979] INFO    Animation Thread     ConnectionController.connectWithInput()                : Try connecting with input
[20260123-19:49:49-980] INFO    ACC connection thread AccConnection.run()                                    : Starting connection thread
[20260123-19:49:50-118] INFO    ACC connection thread AccConnection.onRealtimeUpdate()                       : Initialising session
[20260123-19:49:50-118] INFO    ACC connection thread AccConnection.onSessionChanged()                       : session changed to PRACTICE Index:2 sessionCount:0
[20260123-19:49:50-119] INFO    ACC connection thread GoogleSheetsAPIExtension.updateSpreadsheetTarget()     : Target Sheet changed to ""
[20260123-19:49:50-120] INFO    ACC connection thread ResultsExtension.createNewFile()                       : Session Changed, creating dirs and files
[20260123-19:49:50-121] INFO    ACC connection thread AccConnection.onSessionPhaseChaged()                   : session phase changed to STARTING
[20260123-19:49:50-121] INFO    ACC connection thread AccConnection.onSessionPhaseChaged()                   : session phase changed to PREFORMATION
[20260123-19:49:50-121] INFO    ACC connection thread AccConnection.onSessionPhaseChaged()                   : session phase changed to FORMATIONLAP
[20260123-19:49:50-122] INFO    ACC connection thread AccConnection.onSessionPhaseChaged()                   : session phase changed to PRESESSION
[20260123-19:49:50-122] INFO    ACC connection thread AccConnection.onSessionPhaseChaged()                   : session phase changed to SESSION
[20260123-19:49:50-249] INFO    ACC connection thread AccConnection.onEntryListCarUpdate()                   : Car connected: #8  	Alexandre  Branco | VRB
[20260123-19:49:50-250] INFO    ACC connection thread AccConnection.onEntryListCarUpdate()                   : Car connected: #2  	A Ubinski
[20260123-19:49:50-251] INFO    ACC connection thread AccConnection.onEntryListCarUpdate()                   : Car connected: #30 	John  Alex
[20260123-19:49:50-253] INFO    ACC connection thread AccConnection.onEntryListCarUpdate()                   : Car connected: #4  	Willian Garcia
[20260123-19:49:50-254] INFO    ACC connection thread AccConnection.onEntryListCarUpdate()                   : Car connected: #1  	Daniel Rodrigues I EXY
[20260123-19:49:50-254] INFO    ACC connection thread AccConnection.onEntryListCarUpdate()                   : Car connected: #44 	Daniel Antunes
[20260123-19:49:50-254] INFO    ACC connection thread AccConnection.onEntryListCarUpdate()                   : Car connected: #32 	Wesley Zinko
[20260123-19:49:50-255] INFO    ACC connection thread AccConnection.onEntryListCarUpdate()                   : Car connected: #3  	C Faber | EXY
[20260123-19:49:50-255] INFO    ACC connection thread AccConnection.onEntryListCarUpdate()                   : Car connected: #666	.... 666 Andre Luiz/UCR
[20260123-19:49:50-255] INFO    ACC connection thread AccConnection.onEntryListCarUpdate()                   : Car connected: #33 	Henrique Fabris
[20260123-19:49:50-256] INFO    ACC connection thread AccConnection.onEntryListCarUpdate()                   : Car connected: #26 	Anderson Crepaldi | MAV
[20260123-19:49:50-256] INFO    ACC connection thread AccConnection.onEntryListCarUpdate()                   : Car connected: #99 	Matheus  G Santos
[20260123-19:49:50-256] INFO    ACC connection thread AccConnection.onEntryListCarUpdate()                   : Car connected: #18 	Juan Carlos T. Jimenez
[20260123-19:49:50-257] INFO    ACC connection thread AccConnection.onEntryListCarUpdate()                   : Car connected: #87 	Luiz Ribeiro
[20260123-19:49:50-257] INFO    ACC connection thread AccConnection.onEntryListCarUpdate()                   : Car connected: #19 	Arilson 
[20260123-19:49:50-262] INFO    ACC connection thread TrackDataExtension.onEvent()                           : publishing track data event
[20260123-19:49:50-325] INFO    ACC connection thread LapTimeExtension.onLapComplete()                       : Lap completed: #3  	2:02.480	[Lap 1]
[20260123-19:49:50-327] INFO    ACC connection thread LapTimeExtension.onLapComplete()                       : Lap completed: #2  	2:01.212	[PB]
[20260123-19:49:50-328] INFO    ACC connection thread LapTimeExtension.onLapComplete()                       : Lap completed: #1  	2:16.355	
[20260123-19:49:50-499] INFO    ACC connection thread ReplayOffsetExtension.onEvent()                        : Setting replayStartTime based on game connection time to: 1769208560098
[20260123-19:49:50-528] INFO    ACC connection thread LapTimeExtension.onLapComplete()                       : Lap completed: #4  	2:02.512	
[20260123-19:49:54-284] INFO    Animation Thread     BroadcastingController.setCameraSet()                  : Setting camera to Helicam Helicam
[20260123-19:49:54-487] INFO    Animation Thread     BroadcastingController.setCameraSet()                  : Setting camera to Helicam Helicam
[20260123-19:49:59-327] INFO    Animation Thread     BroadcastingController.setHudPage()                    : Setting HUD page to Broadcasting
[20260123-19:49:59-529] INFO    Animation Thread     BroadcastingController.setHudPage()                    : Setting HUD page to Broadcasting
[20260123-19:50:04-884] INFO    ACC connection thread AccConnection.onEntryListCarUpdate()                   : Car connected: #25 	Cardoso  Cleisson | GPX G²
[20260123-19:50:45-536] INFO    ACC connection thread DangerDetectionExtension.setYellowFlag()               : Yellow Flag nr.1 :#33 	00:11:53	00:01:25	[Spin]
[20260123-19:51:07-668] INFO    ACC connection thread AccConnection.onEntryListCarUpdate()                   : Car connected: #777	Igor Castro
[20260123-19:51:13-432] INFO    ACC connection thread DangerDetectionExtension.setYellowFlag()               : Yellow Flag nr.2 :#30 	00:12:21	00:01:53	[Spin]
[20260123-19:51:27-246] INFO    ACC connection thread LapTimeExtension.onLapComplete()                       : Lap completed: #3  	2:00.852	[PB]
[20260123-19:51:33-205] INFO    ACC connection thread LapTimeExtension.onLapComplete()                       : Lap completed: #26 	2:01.197	[Lap 1][PB]
[20260123-19:51:35-697] INFO    ACC connection thread DangerDetectionExtension.setYellowFlag()               : Yellow Flag nr.3 :#3  	00:12:43	00:02:15	[Spin]
[20260123-19:51:40-742] INFO    ACC connection thread LapTimeExtension.onLapComplete()                       : Lap completed: #32 	2:09.037	
[20260123-19:51:44-048] INFO    ACC connection thread AccConnection.onEntryListCarUpdate()                   : Car connected: #100	Lucas  Guimarães |GPX G²
[20260123-19:51:48-395] INFO    ACC connection thread LapTimeExtension.onLapComplete()                       : Lap completed: #1  	2:14.152	
[20260123-19:51:52-795] INFO    ACC connection thread LapTimeExtension.onLapComplete()                       : Lap completed: #4  	2:02.375	
[20260123-19:52:03-342] INFO    ACC connection thread AccConnection.onEntryListCarUpdate()                   : Car connected: #563	Silas  Borges
[20260123-19:53:20-739] INFO    ACC connection thread LapTimeExtension.onLapComplete()                       : Lap completed: #8  	2:00.660	
[20260123-19:53:25-057] INFO    ACC connection thread LapTimeExtension.onLapComplete()                       : Lap completed: #2  	2:00.575	[PB]
[20260123-19:53:27-652] INFO    ACC connection thread ContactExtension.commitContact()                       : Contact: #33 , #563	00:14:29	00:04:01
[20260123-19:53:34-032] INFO    ACC connection thread LapTimeExtension.onLapComplete()                       : Lap completed: #26 	2:00.787	[PB]
[20260123-19:53:39-619] INFO    ACC connection thread DangerDetectionExtension.setYellowFlag()               : Yellow Flag nr.4 :#100	00:14:47	00:04:19	[Spin]
[20260123-19:53:42-614] INFO    ACC connection thread AccConnection.onEntryListCarUpdate()                   : Car connected: #20 	Rom  Damasceno
[20260123-19:53:51-546] INFO    ACC connection thread LapTimeExtension.onLapComplete()                       : Lap completed: #32 	2:10.740	
[20260123-19:53:54-707] INFO    ACC connection thread LapTimeExtension.onLapComplete()                       : Lap completed: #4  	2:01.850	[PB]
[20260123-19:54:02-276] INFO    ACC connection thread LapTimeExtension.onLapComplete()                       : Lap completed: #1  	2:13.775	[PB]
[20260123-19:54:10-399] INFO    ACC connection thread DangerDetectionExtension.setYellowFlag()               : Yellow Flag nr.5 :#4  	00:15:17	00:04:50	[Spin]
[20260123-19:54:17-651] INFO    ACC connection thread AccConnection.onEntryListCarUpdate()                   : Car connected: #21 	Sampaio Vicente | G2R
[20260123-19:54:31-605] INFO    ACC connection thread DangerDetectionExtension.setYellowFlag()               : Yellow Flag nr.6 :#8  	00:15:39	00:05:11	[Spin]
[20260123-19:54:52-008] INFO    ACC connection thread LapTimeExtension.onLapComplete()                       : Lap completed: #25 	2:02.820	[Lap 1][PB]
[20260123-19:55:03-244] INFO    ACC connection thread DangerDetectionExtension.setYellowFlag()               : Yellow Flag nr.7 :#563	00:16:10	00:05:43	[Spin]
[20260123-19:55:25-482] INFO    ACC connection thread LapTimeExtension.onLapComplete()                       : Lap completed: #2  	2:00.565	[PB]
[20260123-19:55:26-824] INFO    ACC connection thread LapTimeExtension.onLapComplete()                       : Lap completed: #8  	2:06.202	
[20260123-19:55:34-989] INFO    ACC connection thread LapTimeExtension.onLapComplete()                       : Lap completed: #26 	2:00.950	
[20260123-19:55:58-807] INFO    ACC connection thread DangerDetectionExtension.setYellowFlag()               : Yellow Flag nr.8 :#100	00:17:06	00:06:38	[Spin]
[20260123-19:55:59-121] INFO    ACC connection thread LapTimeExtension.onLapComplete()                       : Lap completed: #30 	2:06.625	
[20260123-19:56:00-263] INFO    ACC connection thread LapTimeExtension.onLapComplete()                       : Lap completed: #32 	2:08.637	
[20260123-19:56:03-790] INFO    ACC connection thread LapTimeExtension.onLapComplete()                       : Lap completed: #18 	2:17.047	[Lap 1]
[20260123-19:56:09-885] INFO    ACC connection thread LapTimeExtension.onLapComplete()                       : Lap completed: #3  	2:00.582	[PB]
[20260123-19:56:16-661] INFO    ACC connection thread LapTimeExtension.onLapComplete()                       : Lap completed: #1  	2:14.410	
[20260123-19:56:25-916] INFO    ACC connection thread LapTimeExtension.onLapComplete()                       : Lap completed: #87 	2:00.135	[Lap 1][PB][SB]
[20260123-19:56:27-896] INFO    ACC connection thread DangerDetectionExtension.setYellowFlag()               : Yellow Flag nr.9 :#20 	00:17:35	00:07:07	[Spin]
[20260123-19:56:34-959] INFO    ACC connection thread AccConnection.onEntryListCarUpdate()                   : Car connected: #96 	Christian Horyn | G2R
[20260123-19:56:46-117] INFO    ACC connection thread DangerDetectionExtension.setYellowFlag()               : Yellow Flag nr.10 :#30 	00:17:53	00:07:26	[Spin]
[20260123-19:56:46-219] INFO    ACC connection thread LapTimeExtension.onLapComplete()                       : Lap completed: #33 	2:04.857	[Lap 1][PB]
[20260123-19:56:54-898] INFO    ACC connection thread LapTimeExtension.onLapComplete()                       : Lap completed: #25 	2:02.802	[PB]
[20260123-19:56:58-248] INFO    ACC connection thread LapTimeExtension.onLapComplete()                       : Lap completed: #563	2:19.510	[Lap 1]
[20260123-19:56:58-664] INFO    ACC connection thread LapTimeExtension.onLapComplete()                       : Lap completed: #777	2:03.880	[Lap 1][PB]
[20260123-19:57:10-666] INFO    ACC connection thread DangerDetectionExtension.setYellowFlag()               : Yellow Flag nr.11 :#100	00:18:18	00:07:50	[Spin]
[20260123-19:57:13-805] INFO    ACC connection thread AccConnection.onEntryListCarUpdate()                   : Car connected: #31 	Fabio Matheus
[20260123-19:57:19-277] INFO    ACC connection thread DangerDetectionExtension.setYellowFlag()               : Yellow Flag nr.12 :#777	00:18:26	00:07:59	[Spin]
[20260123-19:57:21-874] INFO    ACC connection thread DangerDetectionExtension.setYellowFlag()               : Yellow Flag nr.13 :#563	00:18:29	00:08:01	[Spin]
[20260123-19:57:27-092] INFO    ACC connection thread LapTimeExtension.onLapComplete()                       : Lap completed: #2  	2:01.675	
[20260123-19:57:27-705] INFO    ACC connection thread ContactExtension.commitContact()                       : Contact: #563, #777	00:18:29	00:08:01
[20260123-19:57:27-708] INFO    ACC connection thread ContactExtension.matchYellowEvents()                   : 	matched flag nr.13	#563	+0.313s
[20260123-19:57:27-709] INFO    ACC connection thread ContactExtension.logYellowFlagContactInfo()            : 		#777	45.63m
[20260123-19:57:27-810] INFO    ACC connection thread LapTimeExtension.onLapComplete()                       : Lap completed: #8  	2:00.952	
[20260123-19:57:29-558] INFO    ACC connection thread AccConnection.onEntryListCarUpdate()                   : Car connected: #992	Lucas 90K
[20260123-19:57:32-564] INFO    ACC connection thread DangerDetectionExtension.setYellowFlag()               : Yellow Flag nr.14 :#30 	00:18:40	00:08:12	[Spin]
[20260123-19:57:43-994] INFO    ACC connection thread LapTimeExtension.onLapComplete()                       : Lap completed: #19 	2:07.417	[Lap 1][PB]
[20260123-19:57:59-539] INFO    ACC connection thread AccConnection.onEntryListCarUpdate()                   : Car connected: #188	Nelson JANIQUES
[20260123-19:58:09-779] INFO    ACC connection thread LapTimeExtension.onLapComplete()                       : Lap completed: #32 	2:09.720	
[20260123-19:58:25-453] INFO    ACC connection thread LapTimeExtension.onLapComplete()                       : Lap completed: #87 	1:59.702	[PB][SB]
[20260123-19:58:32-449] INFO    ACC connection thread DangerDetectionExtension.setYellowFlag()               : Yellow Flag nr.15 :#32 	00:19:40	00:09:12	[Spin]
[20260123-19:58:32-869] INFO    ACC connection thread LapTimeExtension.onLapComplete()                       : Lap completed: #30 	2:33.930	
[20260123-19:58:33-942] INFO    ACC connection thread AccConnection.onEntryListCarUpdate()                   : Car connected: #13 	Dione Oliveira
[20260123-19:58:33-943] INFO    ACC connection thread AccConnection.onEntryListCarUpdate()                   : Car connected: #14 	Matheus Souza | G2R
[20260123-19:58:34-974] INFO    ACC connection thread AccConnection.lambda$checkForDisconnects$0()           : Car disconnected: #13 	Dione Oliveira
[20260123-19:58:39-007] INFO    ACC connection thread AccConnection.onEntryListCarUpdate()                   : Car connected: #477	Rodrigo  Lopes
[20260123-19:58:48-243] INFO    ACC connection thread AccConnection.lambda$checkForDisconnects$0()           : Car disconnected: #13 	Dione Oliveira
[20260123-19:58:50-020] INFO    ACC connection thread LapTimeExtension.onLapComplete()                       : Lap completed: #33 	2:03.757	[PB]
[20260123-19:58:53-319] INFO    ACC connection thread ContactExtension.commitContact()                       : Contact: #87 , #992	00:19:54	00:09:27
[20260123-19:59:02-508] INFO    ACC connection thread DangerDetectionExtension.setYellowFlag()               : Yellow Flag nr.16 :#777	00:20:10	00:09:42	[Spin]
[20260123-19:59:11-687] INFO    ACC connection thread DangerDetectionExtension.setYellowFlag()               : Yellow Flag nr.17 :#44 	00:20:19	00:09:51	[Spin]
[20260123-19:59:14-964] INFO    ACC connection thread DangerDetectionExtension.setYellowFlag()               : Yellow Flag nr.18 :#563	00:20:22	00:09:54	[Spin]
[20260123-19:59:27-844] INFO    ACC connection thread LapTimeExtension.onLapComplete()                       : Lap completed: #2  	2:00.605	
[20260123-19:59:34-751] INFO    ACC connection thread LapTimeExtension.onLapComplete()                       : Lap completed: #44 	2:12.072	[Lap 1]
[20260123-19:59:51-953] INFO    ACC connection thread LapTimeExtension.onLapComplete()                       : Lap completed: #19 	2:07.532	
[20260123-19:59:53-368] INFO    ACC connection thread LapTimeExtension.onLapComplete()                       : Lap completed: #20 	2:25.915	[Lap 1][PB]
[20260123-20:00:05-719] INFO    ACC connection thread LapTimeExtension.onLapComplete()                       : Lap completed: #21 	2:14.330	[Lap 1][PB]
[20260123-20:00:12-062] INFO    ACC connection thread DangerDetectionExtension.setYellowFlag()               : Yellow Flag nr.19 :#777	00:21:19	00:10:51	[Spin]
[20260123-20:00:20-336] INFO    ACC connection thread DangerDetectionExtension.setYellowFlag()               : Yellow Flag nr.20 :#3  	00:21:28	00:11:00	[Spin]
[20260123-20:00:25-833] INFO    ACC connection thread LapTimeExtension.onLapComplete()                       : Lap completed: #87 	2:00.305	
[20260123-20:00:35-124] INFO    ACC connection thread DangerDetectionExtension.setYellowFlag()               : Yellow Flag nr.21 :#25 	00:21:42	00:11:15	[Spin]
[20260123-20:00:40-663] INFO    ACC connection thread LapTimeExtension.onLapComplete()                       : Lap completed: #30 	2:07.822	
[20260123-20:00:54-806] INFO    ACC connection thread DangerDetectionExtension.setYellowFlag()               : Yellow Flag nr.22 :#992	00:22:02	00:11:34	[Spin]
[20260123-20:01:06-924] INFO    ACC connection thread DangerDetectionExtension.setYellowFlag()               : Yellow Flag nr.23 :#87 	00:22:14	00:11:46	[Spin]
[20260123-20:01:27-954] INFO    ACC connection thread LapTimeExtension.onLapComplete()                       : Lap completed: #2  	2:00.140	[PB]
[20260123-20:01:39-592] INFO    ACC connection thread LapTimeExtension.onLapComplete()                       : Lap completed: #44 	2:04.915	[PB]
[20260123-20:01:40-042] INFO    ACC connection thread AccConnection.onEntryListCarUpdate()                   : Car connected: #46 	MAIKON LIMA
[20260123-20:01:42-537] INFO    ACC connection thread DangerDetectionExtension.setYellowFlag()               : Yellow Flag nr.24 :#563	00:22:50	00:12:22	[Spin]
[20260123-20:01:44-074] INFO    ACC connection thread DangerDetectionExtension.setYellowFlag()               : Yellow Flag nr.25 :#99 	00:22:51	00:12:23	[Spin]
[20260123-20:01:52-488] INFO    ACC connection thread AccConnection.onSessionPhaseChaged()                   : session phase changed to SESSIONOVER
[20260123-20:01:57-876] INFO    ACC connection thread LapTimeExtension.onLapComplete()                       : Lap completed: #4  	2:02.490	
[20260123-20:02:11-746] INFO    ACC connection thread DangerDetectionExtension.setYellowFlag()               : Yellow Flag nr.26 :#31 	00:23:19	00:12:51	[Spin]
[20260123-20:02:19-968] INFO    ACC connection thread LapTimeExtension.onLapComplete()                       : Lap completed: #100	2:11.767	[Lap 1]
[20260123-20:02:20-068] INFO    ACC connection thread LapTimeExtension.onLapComplete()                       : Lap completed: #21 	2:14.322	
[20260123-20:02:21-205] INFO    ACC connection thread LapTimeExtension.onLapComplete()                       : Lap completed: #96 	2:30.905	[Lap 1]
[20260123-20:02:25-680] INFO    ACC connection thread LapTimeExtension.onLapComplete()                       : Lap completed: #20 	2:32.160	
[20260123-20:02:33-465] INFO    ACC connection thread LapTimeExtension.onLapComplete()                       : Lap completed: #25 	2:07.995	
[20260123-20:02:39-765] INFO    ACC connection thread DangerDetectionExtension.setYellowFlag()               : Yellow Flag nr.27 :#25 	00:23:47	00:13:19	[Spin]
[20260123-20:02:40-696] INFO    ACC connection thread LapTimeExtension.onLapComplete()                       : Lap completed: #992	2:08.287	[Lap 1][PB]
[20260123-20:02:41-345] INFO    ACC connection thread DangerDetectionExtension.setYellowFlag()               : Yellow Flag nr.28 :#21 	00:23:48	00:13:21	[Spin]
[20260123-20:02:45-761] INFO    ACC connection thread ContactExtension.findOtherCars()                       : Contact: ?#100		1.90m	00:23:47
[20260123-20:02:45-762] INFO    ACC connection thread ContactExtension.commitContact()                       : Contact: #25 , #100	00:23:47	00:13:19
[20260123-20:02:49-792] INFO    ACC connection thread DangerDetectionExtension.setYellowFlag()               : Yellow Flag nr.29 :#992	00:23:57	00:13:29	[Spin]
[20260123-20:03:27-450] INFO    ACC connection thread DangerDetectionExtension.setYellowFlag()               : Yellow Flag nr.30 :#44 	00:24:35	00:14:07	[Spin]
[20260123-20:03:40-499] INFO    ACC connection thread LapTimeExtension.onLapComplete()                       : Lap completed: #32 	2:07.652	[PB]
[20260123-20:03:42-684] INFO    ACC connection thread DangerDetectionExtension.setYellowFlag()               : Yellow Flag nr.31 :#31 	00:24:50	00:14:22	[Spin]
[20260123-20:03:48-679] INFO    ACC connection thread LapTimeExtension.onLapComplete()                       : Lap completed: #44 	2:09.155	
[20260123-20:03:52-375] INFO    ACC connection thread AccConnection.onSessionPhaseChaged()                   : session phase changed to POSTSESSION
[20260123-20:03:52-483] INFO    ACC connection thread AccConnection.onSessionPhaseChaged()                   : session phase changed to RESULTUI
[20260123-20:03:52-483] INFO    ACC connection thread AccConnection.onSessionChanged()                       : session changed to QUALIFYING Index:3 sessionCount:0
[20260123-20:03:52-484] INFO    ACC connection thread ReplayOffsetExtension.onEvent()                        : Setting replayStartTime based on session change time to: 1769209432484
[20260123-20:03:52-485] INFO    ACC connection thread GoogleSheetsAPIExtension.updateSpreadsheetTarget()     : Target Sheet changed to ""
[20260123-20:03:52-485] INFO    ACC connection thread ResultsExtension.createNewFile()                       : Session Changed, creating dirs and files
[20260123-20:03:52-486] INFO    ACC connection thread AccConnection.onSessionPhaseChaged()                   : session phase changed to STARTING
[20260123-20:03:52-486] INFO    ACC connection thread AccConnection.onSessionPhaseChaged()                   : session phase changed to PREFORMATION
[20260123-20:03:55-349] INFO    ACC connection thread AccConnection.onSessionPhaseChaged()                   : session phase changed to FORMATIONLAP
[20260123-20:03:55-349] INFO    ACC connection thread AccConnection.onSessionPhaseChaged()                   : session phase changed to PRESESSION
[20260123-20:03:55-349] INFO    ACC connection thread AccConnection.onSessionPhaseChaged()                   : session phase changed to SESSION
[20260123-20:04:56-199] INFO    ACC connection thread AccConnection.onEntryListCarUpdate()                   : Car connected: #17 	Arthur Lima
[20260123-20:05:19-274] INFO    ACC connection thread DangerDetectionExtension.setYellowFlag()               : Yellow Flag nr.32 :#46 	00:01:23	00:01:26	[Spin]
[20260123-20:05:49-930] INFO    ACC connection thread DangerDetectionExtension.setYellowFlag()               : Yellow Flag nr.33 :#31 	00:01:54	00:01:57	[Spin]
[20260123-20:05:51-305] INFO    ACC connection thread DangerDetectionExtension.setYellowFlag()               : Yellow Flag nr.34 :#30 	00:01:55	00:01:58	[Spin]
[20260123-20:05:55-368] INFO    ACC connection thread ContactExtension.commitContact()                       : Contact: #31 , #30 	00:01:53	00:01:56
[20260123-20:05:55-370] INFO    ACC connection thread ContactExtension.matchYellowEvents()                   : 	matched flag nr.33	#31 	+0.632s
[20260123-20:05:55-370] INFO    ACC connection thread ContactExtension.logYellowFlagContactInfo()            : 		#30 	-9.98m
[20260123-20:05:55-371] INFO    ACC connection thread ContactExtension.matchYellowEvents()                   : 	matched flag nr.34	#30 	+2.003s
[20260123-20:05:55-371] INFO    ACC connection thread ContactExtension.logYellowFlagContactInfo()            : 		#31 	9.98m
[20260123-20:06:25-760] INFO    ACC connection thread DangerDetectionExtension.setYellowFlag()               : Yellow Flag nr.35 :#46 	00:02:30	00:02:33	[Spin]
[20260123-20:06:41-814] INFO    ACC connection thread DangerDetectionExtension.setYellowFlag()               : Yellow Flag nr.36 :#18 	00:02:46	00:02:49	[Spin]
[20260123-20:06:51-200] INFO    ACC connection thread DangerDetectionExtension.setYellowFlag()               : Yellow Flag nr.37 :#992	00:02:55	00:02:58	[Spin]
[20260123-20:06:51-710] INFO    ACC connection thread DangerDetectionExtension.setYellowFlag()               : Yellow Flag nr.38 :#188	00:02:56	00:02:59	[Spin]
[20260123-20:06:56-535] INFO    ACC connection thread ContactExtension.commitContact()                       : Contact: #992, #188	00:02:54	00:02:57
[20260123-20:06:56-536] INFO    ACC connection thread ContactExtension.matchYellowEvents()                   : 	matched flag nr.37	#992	+0.853s
[20260123-20:06:56-536] INFO    ACC connection thread ContactExtension.logYellowFlagContactInfo()            : 		#188	-1.27m
[20260123-20:06:56-537] INFO    ACC connection thread ContactExtension.matchYellowEvents()                   : 	matched flag nr.38	#188	+1.361s
[20260123-20:06:56-537] INFO    ACC connection thread ContactExtension.logYellowFlagContactInfo()            : 		#992	1.27m
[20260123-20:07:11-556] INFO    ACC connection thread AccConnection.onEntryListCarUpdate()                   : Car connected: #762	Bruno   Brettas
[20260123-20:07:23-019] INFO    ACC connection thread DangerDetectionExtension.setYellowFlag()               : Yellow Flag nr.39 :#30 	00:03:27	00:03:30	[Spin]
[20260123-20:07:26-137] INFO    ACC connection thread DangerDetectionExtension.setYellowFlag()               : Yellow Flag nr.40 :#31 	00:03:30	00:03:33	[Spin]
[20260123-20:07:27-760] INFO    ACC connection thread DangerDetectionExtension.setYellowFlag()               : Yellow Flag nr.41 :#30 	00:03:32	00:03:35	[Spin]
[20260123-20:07:54-604] INFO    ACC connection thread DangerDetectionExtension.setYellowFlag()               : Yellow Flag nr.42 :#99 	00:03:59	00:04:02	[Spin]
[20260123-20:08:13-688] INFO    ACC connection thread LapTimeExtension.onLapComplete()                       : Lap completed: #33 	2:03.130	[Lap 1][PB][SB]
[20260123-20:08:29-805] INFO    ACC connection thread LapTimeExtension.onLapComplete()                       : Lap completed: #477	1:59.457	[Lap 1][PB][SB]
[20260123-20:08:32-144] INFO    ACC connection thread LapTimeExtension.onLapComplete()                       : Lap completed: #44 	2:04.982	[Lap 1]
[20260123-20:08:34-992] INFO    ACC connection thread LapTimeExtension.onLapComplete()                       : Lap completed: #777	2:01.310	[Lap 1][PB]
[20260123-20:08:38-387] INFO    ACC connection thread LapTimeExtension.onLapComplete()                       : Lap completed: #25 	2:00.610	[Lap 1][PB]
[20260123-20:08:38-598] INFO    ACC connection thread DangerDetectionExtension.setYellowFlag()               : Yellow Flag nr.43 :#33 	00:04:43	00:04:46	[Spin]
[20260123-20:08:41-747] INFO    ACC connection thread LapTimeExtension.onLapComplete()                       : Lap completed: #100	2:03.215	[Lap 1][PB]
[20260123-20:08:46-457] INFO    ACC connection thread LapTimeExtension.onLapComplete()                       : Lap completed: #26 	2:00.542	[Lap 1][PB]
[20260123-20:08:46-564] INFO    ACC connection thread DangerDetectionExtension.setYellowFlag()               : Yellow Flag nr.44 :#31 	00:04:51	00:04:54	[Spin]
[20260123-20:08:49-350] INFO    ACC connection thread LapTimeExtension.onLapComplete()                       : Lap completed: #1  	2:14.505	[Lap 1][PB]
[20260123-20:08:50-077] INFO    ACC connection thread LapTimeExtension.onLapComplete()                       : Lap completed: #4  	2:03.365	[Lap 1]
[20260123-20:08:52-730] INFO    ACC connection thread DangerDetectionExtension.setYellowFlag()               : Yellow Flag nr.45 :#777	00:04:57	00:05:00	[Spin]
[20260123-20:09:01-306] INFO    ACC connection thread LapTimeExtension.onLapComplete()                       : Lap completed: #188	2:17.892	[Lap 1]
[20260123-20:09:12-485] INFO    ACC connection thread LapTimeExtension.onLapComplete()                       : Lap completed: #2  	2:04.507	[Lap 1]
[20260123-20:09:16-988] INFO    ACC connection thread LapTimeExtension.onLapComplete()                       : Lap completed: #21 	2:13.507	[Lap 1]
[20260123-20:09:17-625] INFO    ACC connection thread AccConnection.lambda$checkForDisconnects$0()           : Car disconnected: #14 	Matheus Souza | G2R
[20260123-20:09:20-422] INFO    ACC connection thread LapTimeExtension.onLapComplete()                       : Lap completed: #563	2:16.270	[Lap 1][PB]
[20260123-20:09:23-730] INFO    ACC connection thread LapTimeExtension.onLapComplete()                       : Lap completed: #14 	2:17.797	[Lap 1]
[20260123-20:09:25-721] INFO    ACC connection thread LapTimeExtension.onLapComplete()                       : Lap completed: #30 	2:19.330	[Lap 1]
[20260123-20:09:30-795] INFO    ACC connection thread LapTimeExtension.onLapComplete()                       : Lap completed: #18 	2:11.015	[Lap 1][PB]
[20260123-20:09:32-684] INFO    ACC connection thread LapTimeExtension.onLapComplete()                       : Lap completed: #96 	2:18.750	[Lap 1][PB]
[20260123-20:09:38-348] INFO    ACC connection thread LapTimeExtension.onLapComplete()                       : Lap completed: #3  	2:02.427	[Lap 1][PB]
[20260123-20:09:38-990] INFO    ACC connection thread LapTimeExtension.onLapComplete()                       : Lap completed: #31 	2:31.852	[Lap 1]
[20260123-20:09:41-016] INFO    ACC connection thread LapTimeExtension.onLapComplete()                       : Lap completed: #19 	2:06.755	[Lap 1]
[20260123-20:09:41-557] INFO    ACC connection thread LapTimeExtension.onLapComplete()                       : Lap completed: #32 	2:08.360	[Lap 1][PB]
[20260123-20:09:50-847] INFO    ACC connection thread LapTimeExtension.onLapComplete()                       : Lap completed: #8  	2:04.310	[Lap 1]
[20260123-20:09:56-460] INFO    ACC connection thread DangerDetectionExtension.setYellowFlag()               : Yellow Flag nr.46 :#3  	00:06:01	00:06:03	[Spin]
[20260123-20:10:07-535] INFO    ACC connection thread LapTimeExtension.onLapComplete()                       : Lap completed: #20 	2:26.275	[Lap 1]
[20260123-20:10:14-694] INFO    ACC connection thread DangerDetectionExtension.setYellowFlag()               : Yellow Flag nr.47 :#46 	00:06:19	00:06:22	[Spin]
[20260123-20:10:26-551] INFO    ACC connection thread LapTimeExtension.onLapComplete()                       : Lap completed: #99 	2:02.725	[Lap 1][PB]
[20260123-20:10:29-074] INFO    ACC connection thread LapTimeExtension.onLapComplete()                       : Lap completed: #477	1:59.227	[PB][SB]
[20260123-20:10:30-727] INFO    ACC connection thread AccConnection.onEntryListCarUpdate()                   : Car connected: #5  	Dione Oliveira
[20260123-20:10:36-666] INFO    ACC connection thread LapTimeExtension.onLapComplete()                       : Lap completed: #44 	2:03.822	[PB]
[20260123-20:10:39-098] INFO    ACC connection thread LapTimeExtension.onLapComplete()                       : Lap completed: #25 	2:00.617	
[20260123-20:10:42-316] INFO    ACC connection thread LapTimeExtension.onLapComplete()                       : Lap completed: #33 	2:28.722	
[20260123-20:10:43-346] INFO    ACC connection thread DangerDetectionExtension.setYellowFlag()               : Yellow Flag nr.48 :#777	00:06:47	00:06:50	[Spin]
[20260123-20:10:45-018] INFO    ACC connection thread LapTimeExtension.onLapComplete()                       : Lap completed: #100	2:03.307	
[20260123-20:10:46-681] INFO    ACC connection thread AccConnection.lambda$checkForDisconnects$0()           : Car disconnected: #31 	Fabio Matheus
[20260123-20:10:46-682] INFO    ACC connection thread AccConnection.lambda$checkForDisconnects$0()           : Car disconnected: #992	Lucas 90K
[20260123-20:10:46-684] INFO    ACC connection thread AccConnection.lambda$checkForDisconnects$0()           : Car disconnected: #188	Nelson JANIQUES
[20260123-20:10:46-685] INFO    ACC connection thread AccConnection.lambda$checkForDisconnects$0()           : Car disconnected: #14 	Matheus Souza | G2R
[20260123-20:10:46-685] INFO    ACC connection thread AccConnection.lambda$checkForDisconnects$0()           : Car disconnected: #477	Rodrigo  Lopes
[20260123-20:10:46-686] INFO    ACC connection thread AccConnection.lambda$checkForDisconnects$0()           : Car disconnected: #5  	Dione Oliveira
[20260123-20:10:46-686] INFO    ACC connection thread AccConnection.lambda$checkForDisconnects$0()           : Car disconnected: #46 	MAIKON LIMA
[20260123-20:10:46-686] INFO    ACC connection thread AccConnection.lambda$checkForDisconnects$0()           : Car disconnected: #17 	Arthur Lima
[20260123-20:10:46-687] INFO    ACC connection thread AccConnection.lambda$checkForDisconnects$0()           : Car disconnected: #762	Bruno   Brettas
[20260123-20:10:46-687] INFO    ACC connection thread AccConnection.lambda$checkForDisconnects$0()           : Car disconnected: #1  	Daniel Rodrigues I EXY
[20260123-20:10:46-687] INFO    ACC connection thread AccConnection.lambda$checkForDisconnects$0()           : Car disconnected: #2  	A Ubinski
[20260123-20:10:46-687] INFO    ACC connection thread AccConnection.lambda$checkForDisconnects$0()           : Car disconnected: #3  	C Faber | EXY
[20260123-20:10:46-687] INFO    ACC connection thread AccConnection.lambda$checkForDisconnects$0()           : Car disconnected: #8  	Alexandre  Branco | VRB
[20260123-20:10:46-688] INFO    ACC connection thread AccConnection.lambda$checkForDisconnects$0()           : Car disconnected: #30 	John  Alex
[20260123-20:10:46-688] INFO    ACC connection thread AccConnection.lambda$checkForDisconnects$0()           : Car disconnected: #44 	Daniel Antunes
[20260123-20:10:46-688] INFO    ACC connection thread AccConnection.lambda$checkForDisconnects$0()           : Car disconnected: #666	.... 666 Andre Luiz/UCR
[20260123-20:10:46-688] INFO    ACC connection thread AccConnection.lambda$checkForDisconnects$0()           : Car disconnected: #33 	Henrique Fabris
[20260123-20:10:46-688] INFO    ACC connection thread AccConnection.lambda$checkForDisconnects$0()           : Car disconnected: #26 	Anderson Crepaldi | MAV
[20260123-20:10:46-688] INFO    ACC connection thread AccConnection.lambda$checkForDisconnects$0()           : Car disconnected: #4  	Willian Garcia
[20260123-20:10:46-688] INFO    ACC connection thread AccConnection.lambda$checkForDisconnects$0()           : Car disconnected: #99 	Matheus  G Santos
[20260123-20:10:46-690] INFO    ACC connection thread AccConnection.lambda$checkForDisconnects$0()           : Car disconnected: #32 	Wesley Zinko
[20260123-20:10:46-690] INFO    ACC connection thread AccConnection.lambda$checkForDisconnects$0()           : Car disconnected: #18 	Juan Carlos T. Jimenez
[20260123-20:10:46-690] INFO    ACC connection thread AccConnection.lambda$checkForDisconnects$0()           : Car disconnected: #87 	Luiz Ribeiro
[20260123-20:10:46-691] INFO    ACC connection thread AccConnection.lambda$checkForDisconnects$0()           : Car disconnected: #19 	Arilson 
[20260123-20:10:46-691] INFO    ACC connection thread AccConnection.lambda$checkForDisconnects$0()           : Car disconnected: #25 	Cardoso  Cleisson | GPX G²
[20260123-20:10:46-692] INFO    ACC connection thread AccConnection.lambda$checkForDisconnects$0()           : Car disconnected: #777	Igor Castro
[20260123-20:10:46-693] INFO    ACC connection thread AccConnection.lambda$checkForDisconnects$0()           : Car disconnected: #100	Lucas  Guimarães |GPX G²
[20260123-20:10:46-693] INFO    ACC connection thread AccConnection.lambda$checkForDisconnects$0()           : Car disconnected: #563	Silas  Borges
[20260123-20:10:46-694] INFO    ACC connection thread AccConnection.lambda$checkForDisconnects$0()           : Car disconnected: #20 	Rom  Damasceno
[20260123-20:10:46-695] INFO    ACC connection thread AccConnection.lambda$checkForDisconnects$0()           : Car disconnected: #21 	Sampaio Vicente | G2R
[20260123-20:10:46-695] INFO    ACC connection thread AccConnection.lambda$checkForDisconnects$0()           : Car disconnected: #96 	Christian Horyn | G2R
[20260123-20:10:47-272] INFO    ACC connection thread LapTimeExtension.onLapComplete()                       : Lap completed: #26 	2:00.395	
[20260123-20:10:53-508] INFO    ACC connection thread AccConnection.lambda$checkForDisconnects$0()           : Car disconnected: #31 	Fabio Matheus
[20260123-20:10:53-508] INFO    ACC connection thread AccConnection.lambda$checkForDisconnects$0()           : Car disconnected: #992	Lucas 90K
[20260123-20:10:53-509] INFO    ACC connection thread AccConnection.lambda$checkForDisconnects$0()           : Car disconnected: #46 	MAIKON LIMA
[20260123-20:10:53-509] INFO    ACC connection thread AccConnection.lambda$checkForDisconnects$0()           : Car disconnected: #17 	Arthur Lima
[20260123-20:10:53-509] INFO    ACC connection thread AccConnection.lambda$checkForDisconnects$0()           : Car disconnected: #762	Bruno   Brettas
[20260123-20:10:53-510] INFO    ACC connection thread AccConnection.lambda$checkForDisconnects$0()           : Car disconnected: #1  	Daniel Rodrigues I EXY
[20260123-20:10:53-510] INFO    ACC connection thread AccConnection.lambda$checkForDisconnects$0()           : Car disconnected: #2  	A Ubinski
[20260123-20:10:53-510] INFO    ACC connection thread AccConnection.lambda$checkForDisconnects$0()           : Car disconnected: #3  	C Faber | EXY
[20260123-20:10:53-510] INFO    ACC connection thread AccConnection.lambda$checkForDisconnects$0()           : Car disconnected: #30 	John  Alex
[20260123-20:10:53-510] INFO    ACC connection thread AccConnection.lambda$checkForDisconnects$0()           : Car disconnected: #33 	Henrique Fabris
[20260123-20:10:53-510] INFO    ACC connection thread AccConnection.lambda$checkForDisconnects$0()           : Car disconnected: #26 	Anderson Crepaldi | MAV
[20260123-20:10:53-511] INFO    ACC connection thread AccConnection.lambda$checkForDisconnects$0()           : Car disconnected: #4  	Willian Garcia
[20260123-20:10:53-511] INFO    ACC connection thread AccConnection.lambda$checkForDisconnects$0()           : Car disconnected: #99 	Matheus  G Santos
[20260123-20:10:53-511] INFO    ACC connection thread AccConnection.lambda$checkForDisconnects$0()           : Car disconnected: #32 	Wesley Zinko
[20260123-20:10:53-511] INFO    ACC connection thread AccConnection.lambda$checkForDisconnects$0()           : Car disconnected: #18 	Juan Carlos T. Jimenez
[20260123-20:10:53-511] INFO    ACC connection thread AccConnection.lambda$checkForDisconnects$0()           : Car disconnected: #87 	Luiz Ribeiro
[20260123-20:10:53-512] INFO    ACC connection thread AccConnection.lambda$checkForDisconnects$0()           : Car disconnected: #19 	Arilson 
[20260123-20:10:53-512] INFO    ACC connection thread AccConnection.lambda$checkForDisconnects$0()           : Car disconnected: #25 	Cardoso  Cleisson | GPX G²
[20260123-20:10:53-512] INFO    ACC connection thread AccConnection.lambda$checkForDisconnects$0()           : Car disconnected: #20 	Rom  Damasceno
[20260123-20:10:53-854] INFO    ACC connection thread LapTimeExtension.onLapComplete()                       : Lap completed: #4  	2:03.300	[PB]
[20260123-20:11:03-031] INFO    ACC connection thread LapTimeExtension.onLapComplete()                       : Lap completed: #1  	2:13.760	[PB]
[20260123-20:11:05-218] INFO    ACC connection thread LapTimeExtension.onLapComplete()                       : Lap completed: #188	2:03.910	[PB]
[20260123-20:11:06-709] INFO    ACC connection thread LapTimeExtension.onLapComplete()                       : Lap completed: #777	2:31.645	
[20260123-20:11:11-959] INFO    ACC connection thread LapTimeExtension.onLapComplete()                       : Lap completed: #2  	1:59.512	[PB]
[20260123-20:11:27-092] INFO    ACC connection thread DangerDetectionExtension.setYellowFlag()               : Yellow Flag nr.49 :#2  	00:07:31	00:07:34	[Spin]
[20260123-20:11:27-092] INFO    ACC connection thread DangerDetectionExtension.setYellowFlag()               : Yellow Flag nr.50 :#5  	00:07:31	00:07:34	[Spin]
[20260123-20:11:27-830] INFO    ACC connection thread DangerDetectionExtension.setYellowFlag()               : Yellow Flag nr.51 :#992	00:07:32	00:07:35	[Spin]
[20260123-20:11:30-041] INFO    ACC connection thread LapTimeExtension.onLapComplete()                       : Lap completed: #21 	2:13.005	[PB]
[20260123-20:11:33-074] INFO    ACC connection thread ContactExtension.commitContact()                       : Contact: #5  , #2  	00:07:31	00:07:34
[20260123-20:11:33-074] INFO    ACC connection thread ContactExtension.matchYellowEvents()                   : 	matched flag nr.49	#2  	+0.208s
[20260123-20:11:33-075] INFO    ACC connection thread ContactExtension.logYellowFlagContactInfo()            : 		#5  	-26.77m
[20260123-20:11:33-075] INFO    ACC connection thread ContactExtension.matchYellowEvents()                   : 	matched flag nr.50	#5  	+0.208s
[20260123-20:11:33-075] INFO    ACC connection thread ContactExtension.logYellowFlagContactInfo()            : 		#2  	26.77m
[20260123-20:11:33-611] INFO    ACC connection thread LapTimeExtension.onLapComplete()                       : Lap completed: #563	2:13.122	[PB]
[20260123-20:11:34-461] INFO    ACC connection thread LapTimeExtension.onLapComplete()                       : Lap completed: #30 	2:08.670	
[20260123-20:11:38-661] INFO    ACC connection thread LapTimeExtension.onLapComplete()                       : Lap completed: #18 	2:07.815	
[20260123-20:11:38-865] INFO    ACC connection thread LapTimeExtension.onLapComplete()                       : Lap completed: #14 	2:14.942	[PB]
[20260123-20:11:41-000] INFO    ACC connection thread AccConnection.lambda$checkForDisconnects$0()           : Car disconnected: #25 	Cardoso  Cleisson | GPX G²
[20260123-20:11:45-461] INFO    ACC connection thread LapTimeExtension.onLapComplete()                       : Lap completed: #19 	2:04.490	[PB]
[20260123-20:11:46-500] INFO    ACC connection thread DangerDetectionExtension.setYellowFlag()               : Yellow Flag nr.52 :#46 	00:07:51	00:07:54	[Spin]
[20260123-20:11:48-485] INFO    ACC connection thread LapTimeExtension.onLapComplete()                       : Lap completed: #32 	2:06.922	[PB]
[20260123-20:11:51-321] INFO    ACC connection thread LapTimeExtension.onLapComplete()                       : Lap completed: #8  	2:00.522	[PB]
[20260123-20:11:53-031] INFO    ACC connection thread LapTimeExtension.onLapComplete()                       : Lap completed: #96 	2:20.277	
[20260123-20:12:12-128] INFO    ACC connection thread DangerDetectionExtension.setYellowFlag()               : Yellow Flag nr.53 :#32 	00:08:16	00:08:19	[Spin]
[20260123-20:12:18-258] INFO    ACC connection thread DangerDetectionExtension.setYellowFlag()               : Yellow Flag nr.54 :#33 	00:08:22	00:08:25	[Spin]
[20260123-20:12:19-452] INFO    ACC connection thread LapTimeExtension.onLapComplete()                       : Lap completed: #762	1:59.945	[Lap 1][PB]
[20260123-20:12:25-679] INFO    ACC connection thread LapTimeExtension.onLapComplete()                       : Lap completed: #87 	1:59.802	[Lap 1][PB]
[20260123-20:12:25-683] INFO    ACC connection thread LapTimeExtension.onLapComplete()                       : Lap completed: #666	2:03.057	[Lap 1][PB]
[20260123-20:12:25-972] INFO    ACC connection thread LapTimeExtension.onLapComplete()                       : Lap completed: #20 	2:18.432	[PB]
[20260123-20:12:26-610] INFO    ACC connection thread LapTimeExtension.onLapComplete()                       : Lap completed: #99 	2:00.142	[PB]
[20260123-20:12:29-549] INFO    ACC connection thread LapTimeExtension.onLapComplete()                       : Lap completed: #477	2:00.587	
[20260123-20:12:32-237] INFO    ACC connection thread DangerDetectionExtension.setYellowFlag()               : Yellow Flag nr.55 :#87 	00:08:36	00:08:39	[Spin]
[20260123-20:12:34-826] INFO    ACC connection thread DangerDetectionExtension.setYellowFlag()               : Yellow Flag nr.56 :#99 	00:08:39	00:08:42	[Spin]
[20260123-20:12:37-735] INFO    ACC connection thread ContactExtension.findOtherCars()                       : Contact: ?#666		-4.91m	00:08:36
[20260123-20:12:37-736] INFO    ACC connection thread ContactExtension.commitContact()                       : Contact: #87 , #666	00:08:36	00:08:39
[20260123-20:12:37-737] INFO    ACC connection thread ContactExtension.matchYellowEvents()                   : 	matched flag nr.55	#87 	+0.622s
[20260123-20:12:37-738] INFO    ACC connection thread ContactExtension.logYellowFlagContactInfo()            : 		#666	-37.53m
[20260123-20:12:40-216] INFO    ACC connection thread LapTimeExtension.onLapComplete()                       : Lap completed: #44 	2:04.370	
[20260123-20:12:43-526] INFO    ACC connection thread DangerDetectionExtension.setYellowFlag()               : Yellow Flag nr.57 :#762	00:08:48	00:08:51	[Spin]
[20260123-20:12:45-981] INFO    ACC connection thread DangerDetectionExtension.setYellowFlag()               : Yellow Flag nr.58 :#21 	00:08:50	00:08:53	[Spin]
[20260123-20:12:46-725] INFO    ACC connection thread LapTimeExtension.onLapComplete()                       : Lap completed: #26 	1:59.825	[PB]
[20260123-20:12:47-469] INFO    ACC connection thread LapTimeExtension.onLapComplete()                       : Lap completed: #100	2:02.445	[PB]
[20260123-20:12:51-540] INFO    ACC connection thread LapTimeExtension.onLapComplete()                       : Lap completed: #33 	2:09.215	
[20260123-20:12:51-648] INFO    ACC connection thread ContactExtension.commitContact()                       : Contact: #30 , #21 	00:08:50	00:08:53
[20260123-20:12:51-649] INFO    ACC connection thread ContactExtension.matchYellowEvents()                   : 	matched flag nr.58	#21 	+0.422s
[20260123-20:12:51-650] INFO    ACC connection thread ContactExtension.logYellowFlagContactInfo()            : 		#30 	136.41m
[20260123-20:12:55-056] INFO    ACC connection thread LapTimeExtension.onLapComplete()                       : Lap completed: #4  	2:01.752	[PB]
[20260123-20:13:00-391] INFO    ACC connection thread DangerDetectionExtension.setYellowFlag()               : Yellow Flag nr.59 :#8  	00:09:05	00:09:07	[Spin]
[20260123-20:13:02-595] INFO    ACC connection thread DangerDetectionExtension.setYellowFlag()               : Yellow Flag nr.60 :#3  	00:09:07	00:09:10	[Spin]
[20260123-20:13:04-810] INFO    ACC connection thread DangerDetectionExtension.setYellowFlag()               : Yellow Flag nr.61 :#44 	00:09:09	00:09:12	[Spin]
[20260123-20:13:07-485] INFO    ACC connection thread LapTimeExtension.onLapComplete()                       : Lap completed: #777	2:00.847	[PB]
[20260123-20:13:10-622] INFO    ACC connection thread LapTimeExtension.onLapComplete()                       : Lap completed: #188	2:05.402	
[20260123-20:13:14-146] INFO    ACC connection thread DangerDetectionExtension.setYellowFlag()               : Yellow Flag nr.62 :#96 	00:09:18	00:09:21	[Spin]
[20260123-20:13:19-421] INFO    ACC connection thread LapTimeExtension.onLapComplete()                       : Lap completed: #1  	2:16.397	
[20260123-20:13:41-050] INFO    ACC connection thread LapTimeExtension.onLapComplete()                       : Lap completed: #30 	2:06.640	[PB]
[20260123-20:13:43-829] INFO    ACC connection thread LapTimeExtension.onLapComplete()                       : Lap completed: #563	2:10.195	[PB]
[20260123-20:13:45-954] INFO    ACC connection thread LapTimeExtension.onLapComplete()                       : Lap completed: #18 	2:07.325	[PB]
[20260123-20:13:46-840] INFO    ACC connection thread LapTimeExtension.onLapComplete()                       : Lap completed: #17 	2:03.382	[Lap 1]
[20260123-20:13:49-308] INFO    ACC connection thread LapTimeExtension.onLapComplete()                       : Lap completed: #19 	2:03.905	[PB]
[20260123-20:13:49-733] INFO    ACC connection thread LapTimeExtension.onLapComplete()                       : Lap completed: #21 	2:19.720	
[20260123-20:13:54-656] INFO    ACC connection thread LapTimeExtension.onLapComplete()                       : Lap completed: #14 	2:15.905	
[20260123-20:13:55-389] INFO    ACC connection thread AccConnection.onSessionPhaseChaged()                   : session phase changed to SESSIONOVER
[20260123-20:13:58-285] INFO    ACC connection thread DangerDetectionExtension.setYellowFlag()               : Yellow Flag nr.63 :#46 	00:10:02	00:10:05	[Spin]
[20260123-20:14:04-859] INFO    ACC connection thread DangerDetectionExtension.setYellowFlag()               : Yellow Flag nr.64 :#19 	00:10:09	00:10:12	[Spin]
[20260123-20:14:04-968] INFO    ACC connection thread DangerDetectionExtension.setYellowFlag()               : Yellow Flag nr.65 :#18 	00:10:09	00:10:12	[Spin]
[20260123-20:14:09-298] INFO    ACC connection thread DangerDetectionExtension.setYellowFlag()               : Yellow Flag nr.66 :#563	00:10:13	00:10:16	[Spin]
[20260123-20:14:10-726] INFO    ACC connection thread ContactExtension.commitContact()                       : Contact: #18 , #19 	00:10:09	00:10:12
[20260123-20:14:10-727] INFO    ACC connection thread ContactExtension.matchYellowEvents()                   : 	matched flag nr.64	#19 	+0.220s
[20260123-20:14:10-727] INFO    ACC connection thread ContactExtension.logYellowFlagContactInfo()            : 		#18 	-11.72m
[20260123-20:14:10-727] INFO    ACC connection thread ContactExtension.matchYellowEvents()                   : 	matched flag nr.65	#18 	+0.220s
[20260123-20:14:10-727] INFO    ACC connection thread ContactExtension.logYellowFlagContactInfo()            : 		#19 	11.72m
[20260123-20:14:15-716] INFO    ACC connection thread DangerDetectionExtension.setYellowFlag()               : Yellow Flag nr.67 :#21 	00:10:20	00:10:23	[Spin]
[20260123-20:14:25-745] INFO    ACC connection thread ContactExtension.commitYellowFlagContact()             : Possible contact for yellow nr.67
[20260123-20:14:25-746] INFO    ACC connection thread ContactExtension.commitYellowFlagContact()             : 		#21 	-
[20260123-20:14:25-746] INFO    ACC connection thread ContactExtension.logYellowFlagContactInfo()            : 		#563	3.01m
[20260123-20:14:25-746] INFO    ACC connection thread ContactExtension.commitContact()                       : Contact: #21 , #563	00:10:20	00:10:23
[20260123-20:14:25-746] INFO    ACC connection thread ContactExtension.matchYellowEvents()                   : 	matched flag nr.67	#21 	+0.000s
[20260123-20:14:25-746] INFO    ACC connection thread ContactExtension.logYellowFlagContactInfo()            : 		#563	3.01m
[20260123-20:14:28-691] INFO    ACC connection thread ContactExtension.commitContact()                       : Contact: #14 , #563	00:10:27	00:10:30
[20260123-20:14:28-696] INFO    ACC connection thread LapTimeExtension.onLapComplete()                       : Lap completed: #477	1:59.085	[PB][SB]
[20260123-20:14:35-117] INFO    ACC connection thread DangerDetectionExtension.setYellowFlag()               : Yellow Flag nr.68 :#477	00:10:39	00:10:42	[Spin]
[20260123-20:14:46-164] INFO    ACC connection thread LapTimeExtension.onLapComplete()                       : Lap completed: #26 	1:59.430	[PB]
[20260123-20:14:49-197] INFO    ACC connection thread LapTimeExtension.onLapComplete()                       : Lap completed: #100	2:01.717	[PB]
[20260123-20:14:54-024] INFO    ACC connection thread DangerDetectionExtension.setYellowFlag()               : Yellow Flag nr.69 :#31 	00:10:58	00:11:01	[Spin]
[20260123-20:14:54-024] INFO    ACC connection thread LapTimeExtension.onLapComplete()                       : Lap completed: #33 	2:02.477	[PB]
[20260123-20:14:58-030] INFO    ACC connection thread LapTimeExtension.onLapComplete()                       : Lap completed: #4  	2:02.922	
[20260123-20:14:58-137] INFO    ACC connection thread DangerDetectionExtension.setYellowFlag()               : Yellow Flag nr.70 :#188	00:11:02	00:11:05	[Spin]
[20260123-20:15:01-802] INFO    ACC connection thread DangerDetectionExtension.setYellowFlag()               : Yellow Flag nr.71 :#100	00:11:06	00:11:09	[Spin]
[20260123-20:15:19-063] INFO    ACC connection thread LapTimeExtension.onLapComplete()                       : Lap completed: #188	2:08.540	[Inlap]
[20260123-20:15:47-788] INFO    ACC connection thread LapTimeExtension.onLapComplete()                       : Lap completed: #30 	2:06.760	
[20260123-20:15:48-953] INFO    ACC connection thread LapTimeExtension.onLapComplete()                       : Lap completed: #46 	2:09.110	[Lap 1][PB]
[20260123-20:15:49-580] INFO    ACC connection thread LapTimeExtension.onLapComplete()                       : Lap completed: #17 	2:02.720	
[20260123-20:15:53-847] INFO    ACC connection thread DangerDetectionExtension.setYellowFlag()               : Yellow Flag nr.72 :#30 	00:11:58	00:12:01	[Spin]
[20260123-20:15:55-418] INFO    ACC connection thread AccConnection.onSessionPhaseChaged()                   : session phase changed to POSTSESSION
[20260123-20:17:55-487] INFO    ACC connection thread AccConnection.onSessionPhaseChaged()                   : session phase changed to RESULTUI
[20260123-20:17:55-488] INFO    ACC connection thread AccConnection.onSessionChanged()                       : session changed to RACE Index:4 sessionCount:0
[20260123-20:17:55-488] INFO    ACC connection thread ReplayOffsetExtension.onEvent()                        : Setting replayStartTime based on session change time to: 1769210275488
[20260123-20:17:55-488] INFO    ACC connection thread GoogleSheetsAPIExtension.updateSpreadsheetTarget()     : Target Sheet changed to ""
[20260123-20:17:55-488] INFO    ACC connection thread ResultsExtension.createNewFile()                       : Session Changed, creating dirs and files
[20260123-20:17:55-488] INFO    ACC connection thread AccConnection.onSessionPhaseChaged()                   : session phase changed to STARTING
[20260123-20:17:55-488] INFO    ACC connection thread AccConnection.onSessionPhaseChaged()                   : session phase changed to PREFORMATION
[20260123-20:19:55-459] INFO    ACC connection thread AccConnection.onSessionPhaseChaged()                   : session phase changed to FORMATIONLAP
[20260123-20:19:56-402] INFO    ACC connection thread AccConnection.onSessionPhaseChaged()                   : session phase changed to PRESESSION
[20260123-20:20:27-494] INFO    ACC connection thread AccConnection.onSessionPhaseChaged()                   : session phase changed to SESSION
[20260123-20:20:34-940] INFO    ACC connection thread ContactExtension.commitContact()                       : Contact: #20 , #31 	00:00:01	00:02:33
[20260123-20:20:40-169] INFO    ACC connection thread ContactExtension.commitContact()                       : Contact: #30 , #44 	00:00:06	00:02:38
[20260123-20:20:43-399] INFO    ACC connection thread ContactExtension.commitContact()                       : Contact: #1  , #21 	00:00:09	00:02:41
[20260123-20:20:57-388] INFO    ACC connection thread DangerDetectionExtension.setYellowFlag()               : Yellow Flag nr.73 :#19 	00:00:29	00:03:01	[Spin]
[20260123-20:21:02-850] INFO    ACC connection thread ContactExtension.commitContact()                       : Contact: #19 , #188	00:00:29	00:03:01
[20260123-20:21:02-850] INFO    ACC connection thread ContactExtension.matchYellowEvents()                   : 	matched flag nr.73	#19 	+0.635s
[20260123-20:21:02-850] INFO    ACC connection thread ContactExtension.logYellowFlagContactInfo()            : 		#188	10.30m
[20260123-20:21:14-803] INFO    ACC connection thread DangerDetectionExtension.setYellowFlag()               : Yellow Flag nr.74 :#563	00:00:47	00:03:19	[Spin]
[20260123-20:21:40-419] INFO    ACC connection thread ContactExtension.findOtherCars()                       : Contact: ?#21 		-4.44m	00:01:06
[20260123-20:21:40-420] INFO    ACC connection thread ContactExtension.commitContact()                       : Contact: #992, #21 	00:01:06	00:03:38
[20260123-20:21:45-075] INFO    ACC connection thread ContactExtension.findOtherCars()                       : Contact: ?#1  		0.79m	00:01:11
[20260123-20:21:45-075] INFO    ACC connection thread ContactExtension.commitContact()                       : Contact: #31 , #1  	00:01:11	00:03:43
[20260123-20:22:00-478] INFO    ACC connection thread ContactExtension.findOtherCars()                       : Contact: ?#17 		-0.95m	00:01:26
[20260123-20:22:00-478] INFO    ACC connection thread ContactExtension.commitContact()                       : Contact: #44 , #17 	00:01:26	00:03:58
[20260123-20:22:00-914] INFO    ACC connection thread DangerDetectionExtension.setYellowFlag()               : Yellow Flag nr.75 :#17 	00:01:33	00:04:05	[Spin]
[20260123-20:22:06-440] INFO    ACC connection thread ContactExtension.commitContact()                       : Contact: #17 , #44 	00:01:32	00:04:04
[20260123-20:22:06-440] INFO    ACC connection thread ContactExtension.matchYellowEvents()                   : 	matched flag nr.75	#17 	+0.650s
[20260123-20:22:06-441] INFO    ACC connection thread ContactExtension.logYellowFlagContactInfo()            : 		#44 	-3.64m
[20260123-20:22:09-845] INFO    ACC connection thread DangerDetectionExtension.setYellowFlag()               : Yellow Flag nr.76 :#44 	00:01:42	00:04:14	[Spin]
[20260123-20:22:12-081] INFO    ACC connection thread ContactExtension.findOtherCars()                       : Contact: ?#17 		2.85m	00:01:38
[20260123-20:22:12-082] INFO    ACC connection thread ContactExtension.commitContact()                       : Contact: #44 , #17 	00:01:38	00:04:10
[20260123-20:22:12-082] INFO    ACC connection thread ContactExtension.matchYellowEvents()                   : 	matched flag nr.76	#44 	+3.832s
[20260123-20:22:12-082] INFO    ACC connection thread ContactExtension.logYellowFlagContactInfo()            : 		#32 	64.32m
[20260123-20:22:24-848] INFO    ACC connection thread DangerDetectionExtension.setYellowFlag()               : Yellow Flag nr.77 :#19 	00:01:57	00:04:29	[Spin]
[20260123-20:22:26-112] INFO    ACC connection thread ContactExtension.commitContact()                       : Contact: #96 , #44 	00:01:52	00:04:24
[20260123-20:22:27-913] INFO    ACC connection thread ContactExtension.commitContact()                       : Contact: #188, #19 	00:01:54	00:04:26
[20260123-20:22:27-913] INFO    ACC connection thread ContactExtension.matchYellowEvents()                   : 	matched flag nr.77	#19 	+2.979s
[20260123-20:22:27-913] INFO    ACC connection thread ContactExtension.logYellowFlagContactInfo()            : 		#188	30.42m
[20260123-20:22:28-135] INFO    ACC connection thread LapTimeExtension.onLapComplete()                       : Lap completed: #477	2:07.205	[Lap 1][PB][SB]
[20260123-20:22:28-966] INFO    ACC connection thread LapTimeExtension.onLapComplete()                       : Lap completed: #26 	2:07.570	[Lap 1][PB]
[20260123-20:22:29-402] INFO    ACC connection thread LapTimeExtension.onLapComplete()                       : Lap completed: #2  	2:07.512	[Lap 1][PB]
[20260123-20:22:30-048] INFO    ACC connection thread LapTimeExtension.onLapComplete()                       : Lap completed: #87 	2:07.562	[Lap 1][PB]
[20260123-20:22:30-789] INFO    ACC connection thread LapTimeExtension.onLapComplete()                       : Lap completed: #762	2:08.095	[Lap 1][PB]
[20260123-20:22:31-216] INFO    ACC connection thread LapTimeExtension.onLapComplete()                       : Lap completed: #99 	2:08.312	[Lap 1]
[20260123-20:22:32-377] INFO    ACC connection thread LapTimeExtension.onLapComplete()                       : Lap completed: #8  	2:08.622	[Lap 1][PB]
[20260123-20:22:33-120] INFO    ACC connection thread LapTimeExtension.onLapComplete()                       : Lap completed: #100	2:08.442	[Lap 1]
[20260123-20:22:34-389] INFO    ACC connection thread LapTimeExtension.onLapComplete()                       : Lap completed: #25 	2:10.740	[Lap 1]
[20260123-20:22:35-433] INFO    ACC connection thread LapTimeExtension.onLapComplete()                       : Lap completed: #3  	2:10.387	[Lap 1]
[20260123-20:22:36-172] INFO    ACC connection thread LapTimeExtension.onLapComplete()                       : Lap completed: #777	2:11.372	[Lap 1]
[20260123-20:22:36-592] INFO    ACC connection thread LapTimeExtension.onLapComplete()                       : Lap completed: #4  	2:10.660	[Lap 1][PB]
[20260123-20:22:37-119] INFO    ACC connection thread LapTimeExtension.onLapComplete()                       : Lap completed: #666	2:11.287	[Lap 1][PB]
[20260123-20:22:37-635] INFO    ACC connection thread LapTimeExtension.onLapComplete()                       : Lap completed: #33 	2:11.005	[Lap 1][PB]
[20260123-20:22:40-934] INFO    ACC connection thread LapTimeExtension.onLapComplete()                       : Lap completed: #188	2:12.942	[Lap 1]
[20260123-20:22:41-455] INFO    ACC connection thread LapTimeExtension.onLapComplete()                       : Lap completed: #46 	2:12.652	[Lap 1]
[20260123-20:22:42-704] INFO    ACC connection thread LapTimeExtension.onLapComplete()                       : Lap completed: #19 	2:15.887	[Lap 1]
[20260123-20:22:44-358] INFO    ACC connection thread LapTimeExtension.onLapComplete()                       : Lap completed: #17 	2:13.237	[Lap 1]
[20260123-20:22:45-396] INFO    ACC connection thread LapTimeExtension.onLapComplete()                       : Lap completed: #32 	2:17.035	[Lap 1]
[20260123-20:22:48-205] INFO    ACC connection thread LapTimeExtension.onLapComplete()                       : Lap completed: #31 	2:16.525	[Lap 1]
[20260123-20:22:48-843] INFO    ACC connection thread LapTimeExtension.onLapComplete()                       : Lap completed: #30 	2:21.027	[Lap 1]
[20260123-20:22:51-162] INFO    ACC connection thread LapTimeExtension.onLapComplete()                       : Lap completed: #1  	2:21.462	[Lap 1]
[20260123-20:22:51-705] INFO    ACC connection thread LapTimeExtension.onLapComplete()                       : Lap completed: #21 	2:21.775	[Lap 1]
[20260123-20:22:51-810] INFO    ACC connection thread LapTimeExtension.onLapComplete()                       : Lap completed: #18 	2:22.787	[Lap 1]
[20260123-20:22:52-453] INFO    ACC connection thread LapTimeExtension.onLapComplete()                       : Lap completed: #5  	2:20.465	[Lap 1]
[20260123-20:22:52-560] INFO    ACC connection thread LapTimeExtension.onLapComplete()                       : Lap completed: #992	2:21.852	[Lap 1]
[20260123-20:22:53-206] INFO    ACC connection thread LapTimeExtension.onLapComplete()                       : Lap completed: #14 	2:22.705	[Lap 1]
[20260123-20:23:01-004] INFO    ACC connection thread LapTimeExtension.onLapComplete()                       : Lap completed: #20 	2:29.110	[Lap 1]
[20260123-20:23:02-468] INFO    ACC connection thread LapTimeExtension.onLapComplete()                       : Lap completed: #96 	2:31.660	[Lap 1]
[20260123-20:23:07-168] INFO    ACC connection thread LapTimeExtension.onLapComplete()                       : Lap completed: #563	9:23.367	[Lap 1][Outlap]
[20260123-20:23:09-000] INFO    ACC connection thread DangerDetectionExtension.setYellowFlag()               : Yellow Flag nr.78 :#21 	00:02:41	00:05:13	[Spin]
[20260123-20:23:13-473] INFO    ACC connection thread AccConnection.lambda$checkForDisconnects$0()           : Car disconnected: #14 	Matheus Souza | G2R
[20260123-20:23:17-078] INFO    ACC connection thread LapTimeExtension.onLapComplete()                       : Lap completed: #44 	2:49.127	[Lap 1]
[20260123-20:23:19-071] INFO    ACC connection thread ContactExtension.commitYellowFlagContact()             : Possible contact for yellow nr.78
[20260123-20:23:19-072] INFO    ACC connection thread ContactExtension.commitYellowFlagContact()             : 		#21 	-
[20260123-20:23:19-072] INFO    ACC connection thread ContactExtension.logYellowFlagContactInfo()            : 		#992	-8.08m
[20260123-20:23:19-075] INFO    ACC connection thread ContactExtension.commitContact()                       : Contact: #21 , #992	00:02:41	00:05:13
[20260123-20:23:19-076] INFO    ACC connection thread ContactExtension.matchYellowEvents()                   : 	matched flag nr.78	#21 	+0.000s
[20260123-20:23:19-076] INFO    ACC connection thread ContactExtension.logYellowFlagContactInfo()            : 		#992	-8.08m
[20260123-20:24:27-600] INFO    ACC connection thread LapTimeExtension.onLapComplete()                       : Lap completed: #477	1:59.397	[PB][SB]
[20260123-20:24:28-692] INFO    ACC connection thread LapTimeExtension.onLapComplete()                       : Lap completed: #26 	1:59.662	[PB]
[20260123-20:24:29-704] INFO    ACC connection thread LapTimeExtension.onLapComplete()                       : Lap completed: #2  	2:00.260	[PB]
[20260123-20:24:30-214] INFO    ACC connection thread LapTimeExtension.onLapComplete()                       : Lap completed: #87 	2:00.172	[PB]
[20260123-20:24:30-847] INFO    ACC connection thread LapTimeExtension.onLapComplete()                       : Lap completed: #762	1:59.997	[PB]
[20260123-20:24:33-451] INFO    ACC connection thread LapTimeExtension.onLapComplete()                       : Lap completed: #8  	2:01.077	[PB]
[20260123-20:24:33-552] INFO    ACC connection thread LapTimeExtension.onLapComplete()                       : Lap completed: #99 	2:02.260	
[20260123-20:24:34-845] INFO    ACC connection thread LapTimeExtension.onLapComplete()                       : Lap completed: #100	2:01.742	
[20260123-20:24:35-998] INFO    ACC connection thread LapTimeExtension.onLapComplete()                       : Lap completed: #25 	2:01.610	[PB]
[20260123-20:24:36-416] INFO    ACC connection thread LapTimeExtension.onLapComplete()                       : Lap completed: #3  	2:00.912	[PB]
[20260123-20:24:38-299] INFO    ACC connection thread LapTimeExtension.onLapComplete()                       : Lap completed: #777	2:02.060	
[20260123-20:24:39-306] INFO    ACC connection thread LapTimeExtension.onLapComplete()                       : Lap completed: #4  	2:02.700	[PB]
[20260123-20:24:39-614] INFO    ACC connection thread LapTimeExtension.onLapComplete()                       : Lap completed: #666	2:02.535	
[20260123-20:24:40-232] INFO    ACC connection thread LapTimeExtension.onLapComplete()                       : Lap completed: #33 	2:02.542	[PB]
[20260123-20:24:45-051] INFO    ACC connection thread LapTimeExtension.onLapComplete()                       : Lap completed: #188	2:04.077	
[20260123-20:24:45-572] INFO    ACC connection thread LapTimeExtension.onLapComplete()                       : Lap completed: #19 	2:02.857	[PB]
[20260123-20:24:46-613] INFO    ACC connection thread LapTimeExtension.onLapComplete()                       : Lap completed: #17 	2:02.182	
[20260123-20:24:51-001] INFO    ACC connection thread LapTimeExtension.onLapComplete()                       : Lap completed: #46 	2:09.520	
[20260123-20:24:52-992] INFO    ACC connection thread LapTimeExtension.onLapComplete()                       : Lap completed: #32 	2:07.542	[PB]
[20260123-20:24:55-390] INFO    ACC connection thread LapTimeExtension.onLapComplete()                       : Lap completed: #30 	2:06.447	
[20260123-20:24:56-638] INFO    ACC connection thread LapTimeExtension.onLapComplete()                       : Lap completed: #31 	2:08.507	[PB]
[20260123-20:25:02-341] INFO    ACC connection thread LapTimeExtension.onLapComplete()                       : Lap completed: #992	2:09.782	[PB]
[20260123-20:25:02-754] INFO    ACC connection thread LapTimeExtension.onLapComplete()                       : Lap completed: #18 	2:10.990	
[20260123-20:25:05-168] INFO    ACC connection thread LapTimeExtension.onLapComplete()                       : Lap completed: #1  	2:14.112	[PB]
[20260123-20:25:05-796] INFO    ACC connection thread LapTimeExtension.onLapComplete()                       : Lap completed: #21 	2:14.160	
[20260123-20:25:07-793] INFO    ACC connection thread LapTimeExtension.onLapComplete()                       : Lap completed: #14 	2:14.622	
[20260123-20:25:09-028] INFO    ACC connection thread LapTimeExtension.onLapComplete()                       : Lap completed: #5  	2:16.472	
[20260123-20:25:20-220] INFO    ACC connection thread LapTimeExtension.onLapComplete()                       : Lap completed: #96 	2:17.697	[PB]
[20260123-20:25:22-181] INFO    ACC connection thread LapTimeExtension.onLapComplete()                       : Lap completed: #563	2:14.917	
[20260123-20:25:22-287] INFO    ACC connection thread LapTimeExtension.onLapComplete()                       : Lap completed: #20 	2:21.250	
[20260123-20:25:22-495] INFO    ACC connection thread LapTimeExtension.onLapComplete()                       : Lap completed: #44 	2:05.565	[PB]
[20260123-20:25:36-278] INFO    ACC connection thread DangerDetectionExtension.setYellowFlag()               : Yellow Flag nr.79 :#188	00:05:08	00:07:40	[Spin]
[20260123-20:25:41-637] INFO    ACC connection thread ContactExtension.findOtherCars()                       : Contact: ?#19 		-3.96m	00:05:08
[20260123-20:25:41-638] INFO    ACC connection thread ContactExtension.commitContact()                       : Contact: #188, #19 	00:05:08	00:07:40
[20260123-20:25:41-638] INFO    ACC connection thread ContactExtension.matchYellowEvents()                   : 	matched flag nr.79	#188	+0.730s
[20260123-20:25:41-638] INFO    ACC connection thread ContactExtension.logYellowFlagContactInfo()            : 		#19 	6.18m
[20260123-20:25:45-280] INFO    ACC connection thread DangerDetectionExtension.setYellowFlag()               : Yellow Flag nr.80 :#563	00:05:17	00:07:49	[Spin]
[20260123-20:25:46-221] INFO    ACC connection thread DangerDetectionExtension.setYellowFlag()               : Yellow Flag nr.81 :#44 	00:05:18	00:07:50	[Spin]
[20260123-20:25:51-768] INFO    ACC connection thread ContactExtension.commitContact()                       : Contact: #563, #44 	00:05:18	00:07:50
[20260123-20:25:51-770] INFO    ACC connection thread ContactExtension.matchYellowEvents()                   : 	matched flag nr.80	#563	-0.420s
[20260123-20:25:51-770] INFO    ACC connection thread ContactExtension.logYellowFlagContactInfo()            : 		#44 	27.88m
[20260123-20:25:51-770] INFO    ACC connection thread ContactExtension.matchYellowEvents()                   : 	matched flag nr.81	#44 	+0.523s
[20260123-20:25:51-770] INFO    ACC connection thread ContactExtension.logYellowFlagContactInfo()            : 		#563	-27.88m
[20260123-20:26:01-051] INFO    ACC connection thread DangerDetectionExtension.setYellowFlag()               : Yellow Flag nr.82 :#188	00:05:33	00:08:05	[Spin]
[20260123-20:26:01-164] INFO    ACC connection thread DangerDetectionExtension.setYellowFlag()               : Yellow Flag nr.83 :#21 	00:05:33	00:08:05	[Spin]
[20260123-20:26:03-855] INFO    ACC connection thread ContactExtension.commitContact()                       : Contact: #21 , #1  	00:05:30	00:08:02
[20260123-20:26:03-855] INFO    ACC connection thread ContactExtension.matchYellowEvents()                   : 	matched flag nr.83	#21 	+3.446s
[20260123-20:26:03-856] INFO    ACC connection thread ContactExtension.logYellowFlagContactInfo()            : 		#1  	14.89m
[20260123-20:26:09-223] INFO    ACC connection thread DangerDetectionExtension.setYellowFlag()               : Yellow Flag nr.84 :#30 	00:05:41	00:08:13	[Spin]
[20260123-20:26:19-268] INFO    ACC connection thread ContactExtension.commitYellowFlagContact()             : Possible contact for yellow nr.84
[20260123-20:26:19-269] INFO    ACC connection thread ContactExtension.commitYellowFlagContact()             : 		#30 	-
[20260123-20:26:19-269] INFO    ACC connection thread ContactExtension.logYellowFlagContactInfo()            : 		#32 	-3.01m
[20260123-20:26:19-269] INFO    ACC connection thread ContactExtension.commitContact()                       : Contact: #30 , #32 	00:05:41	00:08:13
[20260123-20:26:19-269] INFO    ACC connection thread ContactExtension.matchYellowEvents()                   : 	matched flag nr.84	#30 	+0.000s
[20260123-20:26:19-269] INFO    ACC connection thread ContactExtension.logYellowFlagContactInfo()            : 		#32 	-3.01m
[20260123-20:26:27-028] INFO    ACC connection thread LapTimeExtension.onLapComplete()                       : Lap completed: #477	1:59.455	
[20260123-20:26:29-420] INFO    ACC connection thread LapTimeExtension.onLapComplete()                       : Lap completed: #26 	2:00.820	
[20260123-20:26:29-728] INFO    ACC connection thread LapTimeExtension.onLapComplete()                       : Lap completed: #2  	2:00.097	[PB]
[20260123-20:26:30-048] INFO    ACC connection thread LapTimeExtension.onLapComplete()                       : Lap completed: #87 	1:59.877	
[20260123-20:26:31-952] INFO    ACC connection thread LapTimeExtension.onLapComplete()                       : Lap completed: #762	2:01.177	
[20260123-20:26:32-277] INFO    ACC connection thread DangerDetectionExtension.setYellowFlag()               : Yellow Flag nr.85 :#44 	00:06:04	00:08:36	[Spin]
[20260123-20:26:34-253] INFO    ACC connection thread LapTimeExtension.onLapComplete()                       : Lap completed: #8  	2:00.810	[PB]
[20260123-20:26:34-776] INFO    ACC connection thread LapTimeExtension.onLapComplete()                       : Lap completed: #99 	2:01.220	
[20260123-20:26:37-011] INFO    ACC connection thread LapTimeExtension.onLapComplete()                       : Lap completed: #100	2:02.097	
[20260123-20:26:37-435] INFO    ACC connection thread LapTimeExtension.onLapComplete()                       : Lap completed: #25 	2:01.507	[PB]
[20260123-20:26:38-175] INFO    ACC connection thread LapTimeExtension.onLapComplete()                       : Lap completed: #3  	2:01.795	
[20260123-20:26:39-126] INFO    ACC connection thread LapTimeExtension.onLapComplete()                       : Lap completed: #777	2:00.852	[PB]
[20260123-20:26:42-722] INFO    ACC connection thread LapTimeExtension.onLapComplete()                       : Lap completed: #666	2:03.072	[PB]
[20260123-20:26:43-796] INFO    ACC connection thread LapTimeExtension.onLapComplete()                       : Lap completed: #33 	2:03.515	
[20260123-20:26:44-323] INFO    ACC connection thread LapTimeExtension.onLapComplete()                       : Lap completed: #4  	2:05.022	
[20260123-20:26:49-130] INFO    ACC connection thread LapTimeExtension.onLapComplete()                       : Lap completed: #17 	2:02.602	
[20260123-20:26:56-708] INFO    ACC connection thread LapTimeExtension.onLapComplete()                       : Lap completed: #19 	2:11.212	
[20260123-20:26:57-687] INFO    ACC connection thread LapTimeExtension.onLapComplete()                       : Lap completed: #46 	2:06.755	
[20260123-20:27:03-289] INFO    ACC connection thread LapTimeExtension.onLapComplete()                       : Lap completed: #32 	2:10.287	
[20260123-20:27:04-368] INFO    ACC connection thread LapTimeExtension.onLapComplete()                       : Lap completed: #30 	2:09.057	
[20260123-20:27:04-369] INFO    ACC connection thread LapTimeExtension.onLapComplete()                       : Lap completed: #31 	2:07.730	[PB]
[20260123-20:27:05-741] INFO    ACC connection thread DangerDetectionExtension.setYellowFlag()               : Yellow Flag nr.86 :#31 	00:06:38	00:09:10	[Spin]
[20260123-20:27:09-022] INFO    ACC connection thread ContactExtension.findOtherCars()                       : Contact: ?#1  		-4.75m	00:06:35
[20260123-20:27:09-022] INFO    ACC connection thread ContactExtension.commitContact()                       : Contact: #14 , #1  	00:06:35	00:09:07
[20260123-20:27:10-437] INFO    ACC connection thread LapTimeExtension.onLapComplete()                       : Lap completed: #992	2:08.067	
[20260123-20:27:11-411] INFO    ACC connection thread LapTimeExtension.onLapComplete()                       : Lap completed: #18 	2:08.727	
[20260123-20:27:11-521] INFO    ACC connection thread ContactExtension.commitContact()                       : Contact: #31 , #30 	00:06:37	00:09:10
[20260123-20:27:11-521] INFO    ACC connection thread ContactExtension.matchYellowEvents()                   : 	matched flag nr.86	#31 	+0.327s
[20260123-20:27:11-521] INFO    ACC connection thread ContactExtension.logYellowFlagContactInfo()            : 		#30 	220.05m
[20260123-20:27:14-980] INFO    ACC connection thread LapTimeExtension.onLapComplete()                       : Lap completed: #188	2:29.962	
[20260123-20:27:15-624] INFO    ACC connection thread DangerDetectionExtension.setYellowFlag()               : Yellow Flag nr.87 :#46 	00:06:48	00:09:20	[Spin]
[20260123-20:27:21-514] INFO    ACC connection thread LapTimeExtension.onLapComplete()                       : Lap completed: #14 	2:13.767	
[20260123-20:27:21-847] INFO    ACC connection thread LapTimeExtension.onLapComplete()                       : Lap completed: #1  	2:16.707	
[20260123-20:27:24-616] INFO    ACC connection thread LapTimeExtension.onLapComplete()                       : Lap completed: #5  	2:15.700	[PB]
[20260123-20:27:25-961] INFO    ACC connection thread LapTimeExtension.onLapComplete()                       : Lap completed: #21 	2:20.100	
[20260123-20:27:31-382] INFO    ACC connection thread DangerDetectionExtension.setYellowFlag()               : Yellow Flag nr.88 :#3  	00:07:03	00:09:35	[Spin]
[20260123-20:27:36-062] INFO    ACC connection thread ContactExtension.commitContact()                       : Contact: #3  , #25 	00:07:02	00:09:34
[20260123-20:27:36-062] INFO    ACC connection thread ContactExtension.matchYellowEvents()                   : 	matched flag nr.88	#3  	+1.467s
[20260123-20:27:36-062] INFO    ACC connection thread ContactExtension.logYellowFlagContactInfo()            : 		#25 	89.20m
[20260123-20:27:37-229] INFO    ACC connection thread LapTimeExtension.onLapComplete()                       : Lap completed: #96 	2:17.032	[PB]
[20260123-20:27:39-894] INFO    ACC connection thread LapTimeExtension.onLapComplete()                       : Lap completed: #20 	2:17.547	[PB]
[20260123-20:27:40-005] INFO    ACC connection thread LapTimeExtension.onLapComplete()                       : Lap completed: #563	2:17.792	
[20260123-20:27:49-921] INFO    ACC connection thread LapTimeExtension.onLapComplete()                       : Lap completed: #44 	2:27.420	
[20260123-20:28:14-698] INFO    ACC connection thread DangerDetectionExtension.setYellowFlag()               : Yellow Flag nr.89 :#5  	00:07:47	00:10:19	[Spin]
[20260123-20:28:15-244] INFO    ACC connection thread DangerDetectionExtension.setYellowFlag()               : Yellow Flag nr.90 :#44 	00:07:47	00:10:19	[Spin]
[20260123-20:28:19-804] INFO    ACC connection thread DangerDetectionExtension.setYellowFlag()               : Yellow Flag nr.91 :#21 	00:07:52	00:10:24	[Spin]
[20260123-20:28:19-804] INFO    ACC connection thread DangerDetectionExtension.setYellowFlag()               : Yellow Flag nr.92 :#5  	00:07:52	00:10:24	[Spin]
[20260123-20:28:25-490] INFO    ACC connection thread ContactExtension.commitContact()                       : Contact: #21 , #5  	00:07:51	00:10:23
[20260123-20:28:25-490] INFO    ACC connection thread ContactExtension.matchYellowEvents()                   : 	matched flag nr.91	#21 	+0.420s
[20260123-20:28:25-490] INFO    ACC connection thread ContactExtension.logYellowFlagContactInfo()            : 		#5  	-7.10m
[20260123-20:28:25-490] INFO    ACC connection thread ContactExtension.matchYellowEvents()                   : 	matched flag nr.92	#5  	+0.420s
[20260123-20:28:25-490] INFO    ACC connection thread ContactExtension.logYellowFlagContactInfo()            : 		#21 	7.10m
[20260123-20:28:26-448] INFO    ACC connection thread LapTimeExtension.onLapComplete()                       : Lap completed: #477	1:59.430	
[20260123-20:28:27-106] INFO    ACC connection thread DangerDetectionExtension.setYellowFlag()               : Yellow Flag nr.93 :#21 	00:07:59	00:10:31	[Spin]
[20260123-20:28:29-474] INFO    ACC connection thread LapTimeExtension.onLapComplete()                       : Lap completed: #26 	1:59.992	
[20260123-20:28:30-216] INFO    ACC connection thread LapTimeExtension.onLapComplete()                       : Lap completed: #87 	2:00.100	[PB]
[20260123-20:28:31-514] INFO    ACC connection thread LapTimeExtension.onLapComplete()                       : Lap completed: #2  	2:01.697	
[20260123-20:28:32-374] INFO    ACC connection thread LapTimeExtension.onLapComplete()                       : Lap completed: #762	2:00.352	
[20260123-20:28:35-273] INFO    ACC connection thread LapTimeExtension.onLapComplete()                       : Lap completed: #8  	2:00.990	
[20260123-20:28:36-762] INFO    ACC connection thread LapTimeExtension.onLapComplete()                       : Lap completed: #99 	2:02.005	[PB]
[20260123-20:28:39-019] INFO    ACC connection thread LapTimeExtension.onLapComplete()                       : Lap completed: #100	2:02.045	
[20260123-20:28:41-171] INFO    ACC connection thread LapTimeExtension.onLapComplete()                       : Lap completed: #777	2:02.042	
[20260123-20:28:41-919] INFO    ACC connection thread LapTimeExtension.onLapComplete()                       : Lap completed: #25 	2:04.505	
[20260123-20:28:44-476] INFO    ACC connection thread LapTimeExtension.onLapComplete()                       : Lap completed: #666	2:01.792	[PB]
[20260123-20:28:45-331] INFO    ACC connection thread LapTimeExtension.onLapComplete()                       : Lap completed: #33 	2:01.660	[PB]
[20260123-20:28:49-613] INFO    ACC connection thread LapTimeExtension.onLapComplete()                       : Lap completed: #4  	2:05.232	
[20260123-20:28:53-184] INFO    ACC connection thread LapTimeExtension.onLapComplete()                       : Lap completed: #17 	2:04.010	[PB]
[20260123-20:28:58-850] INFO    ACC connection thread LapTimeExtension.onLapComplete()                       : Lap completed: #3  	2:20.710	[Inlap]
[20260123-20:28:59-606] INFO    ACC connection thread DangerDetectionExtension.setYellowFlag()               : Yellow Flag nr.94 :#777	00:08:32	00:11:04	[Spin]
[20260123-20:29:00-515] INFO    ACC connection thread DangerDetectionExtension.setYellowFlag()               : Yellow Flag nr.95 :#992	00:08:33	00:11:05	[Spin]
[20260123-20:29:01-121] INFO    ACC connection thread LapTimeExtension.onLapComplete()                       : Lap completed: #19 	2:04.390	
[20260123-20:29:07-389] INFO    ACC connection thread AccConnection.lambda$checkForDisconnects$0()           : Car disconnected: #992	Lucas 90K
[20260123-20:29:10-817] INFO    ACC connection thread LapTimeExtension.onLapComplete()                       : Lap completed: #32 	2:07.507	
[20260123-20:29:11-036] INFO    ACC connection thread LapTimeExtension.onLapComplete()                       : Lap completed: #46 	2:13.360	
[20260123-20:29:11-462] INFO    ACC connection thread LapTimeExtension.onLapComplete()                       : Lap completed: #30 	2:06.992	
[20260123-20:29:19-570] INFO    ACC connection thread LapTimeExtension.onLapComplete()                       : Lap completed: #188	2:04.585	[PB]
[20260123-20:29:21-797] INFO    ACC connection thread LapTimeExtension.onLapComplete()                       : Lap completed: #18 	2:10.320	
[20260123-20:29:34-875] INFO    ACC connection thread LapTimeExtension.onLapComplete()                       : Lap completed: #14 	2:13.395	[PB]
[20260123-20:29:35-624] INFO    ACC connection thread LapTimeExtension.onLapComplete()                       : Lap completed: #1  	2:13.700	
[20260123-20:29:46-448] INFO    ACC connection thread LapTimeExtension.onLapComplete()                       : Lap completed: #21 	2:20.460	
[20260123-20:29:48-167] INFO    ACC connection thread LapTimeExtension.onLapComplete()                       : Lap completed: #5  	2:23.470	
[20260123-20:29:51-254] INFO    ACC connection thread LapTimeExtension.onLapComplete()                       : Lap completed: #563	2:11.210	[PB]
[20260123-20:29:58-654] INFO    ACC connection thread LapTimeExtension.onLapComplete()                       : Lap completed: #20 	2:18.772	
[20260123-20:29:59-288] INFO    ACC connection thread LapTimeExtension.onLapComplete()                       : Lap completed: #96 	2:21.982	
[20260123-20:29:59-390] INFO    ACC connection thread LapTimeExtension.onLapComplete()                       : Lap completed: #44 	2:09.335	
[20260123-20:30:17-128] INFO    ACC connection thread AccConnection.onEntryListCarUpdate()                   : Car connected: #111	K. Maceratti
[20260123-20:30:25-651] INFO    ACC connection thread LapTimeExtension.onLapComplete()                       : Lap completed: #477	1:59.167	
[20260123-20:30:29-038] INFO    ACC connection thread LapTimeExtension.onLapComplete()                       : Lap completed: #26 	1:59.645	[PB]
[20260123-20:30:30-625] INFO    ACC connection thread LapTimeExtension.onLapComplete()                       : Lap completed: #87 	2:00.420	
[20260123-20:30:31-040] INFO    ACC connection thread LapTimeExtension.onLapComplete()                       : Lap completed: #2  	1:59.557	[PB]
[20260123-20:30:32-317] INFO    ACC connection thread LapTimeExtension.onLapComplete()                       : Lap completed: #762	1:59.792	[PB]
[20260123-20:30:35-399] INFO    ACC connection thread LapTimeExtension.onLapComplete()                       : Lap completed: #8  	2:00.192	[PB]
[20260123-20:30:38-286] INFO    ACC connection thread LapTimeExtension.onLapComplete()                       : Lap completed: #99 	2:01.575	
[20260123-20:30:38-918] INFO    ACC connection thread DangerDetectionExtension.setYellowFlag()               : Yellow Flag nr.96 :#30 	00:10:11	00:12:43	[Spin]
[20260123-20:30:40-477] INFO    ACC connection thread LapTimeExtension.onLapComplete()                       : Lap completed: #100	2:01.497	[PB]
[20260123-20:30:43-973] INFO    ACC connection thread LapTimeExtension.onLapComplete()                       : Lap completed: #25 	2:02.010	
[20260123-20:30:44-478] INFO    ACC connection thread ContactExtension.commitContact()                       : Contact: #46 , #30 	00:10:10	00:12:42
[20260123-20:30:44-479] INFO    ACC connection thread ContactExtension.matchYellowEvents()                   : 	matched flag nr.96	#30 	+0.530s
[20260123-20:30:44-479] INFO    ACC connection thread ContactExtension.logYellowFlagContactInfo()            : 		#46 	-1.74m
[20260123-20:30:46-340] INFO    ACC connection thread LapTimeExtension.onLapComplete()                       : Lap completed: #666	2:01.827	
[20260123-20:30:48-126] INFO    ACC connection thread LapTimeExtension.onLapComplete()                       : Lap completed: #33 	2:02.742	
[20260123-20:30:50-060] INFO    ACC connection thread DangerDetectionExtension.setYellowFlag()               : Yellow Flag nr.97 :#5  	00:10:22	00:12:54	[Spin]
[20260123-20:30:53-562] INFO    ACC connection thread ContactExtension.commitContact()                       : Contact: #30 , #188	00:10:19	00:12:51
[20260123-20:30:54-183] INFO    ACC connection thread LapTimeExtension.onLapComplete()                       : Lap completed: #4  	2:04.577	
[20260123-20:30:55-114] INFO    ACC connection thread ContactExtension.commitContact()                       : Contact: #5  , #21 	00:10:21	00:12:53
[20260123-20:30:55-114] INFO    ACC connection thread ContactExtension.matchYellowEvents()                   : 	matched flag nr.97	#5  	+1.015s
[20260123-20:30:55-114] INFO    ACC connection thread ContactExtension.logYellowFlagContactInfo()            : 		#21 	67.49m
[20260123-20:30:55-116] INFO    ACC connection thread LapTimeExtension.onLapComplete()                       : Lap completed: #17 	2:01.982	[PB]
[20260123-20:31:03-497] INFO    ACC connection thread LapTimeExtension.onLapComplete()                       : Lap completed: #777	2:22.302	
[20260123-20:31:03-711] INFO    ACC connection thread DangerDetectionExtension.setYellowFlag()               : Yellow Flag nr.98 :#100	00:10:36	00:13:08	[Spin]
[20260123-20:31:09-437] INFO    ACC connection thread LapTimeExtension.onLapComplete()                       : Lap completed: #19 	2:08.295	[Inlap]
[20260123-20:31:19-134] INFO    ACC connection thread LapTimeExtension.onLapComplete()                       : Lap completed: #32 	2:08.415	
[20260123-20:31:26-428] INFO    ACC connection thread LapTimeExtension.onLapComplete()                       : Lap completed: #188	2:06.887	
[20260123-20:31:30-755] INFO    ACC connection thread LapTimeExtension.onLapComplete()                       : Lap completed: #18 	2:08.957	
[20260123-20:31:30-921] INFO    ACC connection thread LapTimeExtension.onLapComplete()                       : Lap completed: #46 	2:19.890	
[20260123-20:31:32-979] INFO    ACC connection thread LapTimeExtension.onLapComplete()                       : Lap completed: #30 	2:21.612	
[20260123-20:31:45-582] INFO    ACC connection thread DangerDetectionExtension.setYellowFlag()               : Yellow Flag nr.99 :#563	00:11:18	00:13:50	[Spin]
[20260123-20:31:48-828] INFO    ACC connection thread LapTimeExtension.onLapComplete()                       : Lap completed: #14 	2:13.852	
[20260123-20:31:50-917] INFO    ACC connection thread LapTimeExtension.onLapComplete()                       : Lap completed: #1  	2:15.405	
[20260123-20:31:56-740] INFO    ACC connection thread ContactExtension.findOtherCars()                       : Contact: ?#563		-0.32m	00:11:23
[20260123-20:31:56-740] INFO    ACC connection thread ContactExtension.commitContact()                       : Contact: #5  , #563	00:11:23	00:13:55
[20260123-20:32:04-520] INFO    ACC connection thread LapTimeExtension.onLapComplete()                       : Lap completed: #21 	2:18.150	
[20260123-20:32:05-243] INFO    ACC connection thread LapTimeExtension.onLapComplete()                       : Lap completed: #44 	2:05.895	
[20260123-20:32:07-002] INFO    ACC connection thread LapTimeExtension.onLapComplete()                       : Lap completed: #5  	2:18.907	
[20260123-20:32:10-848] INFO    ACC connection thread LapTimeExtension.onLapComplete()                       : Lap completed: #563	2:19.700	
[20260123-20:32:17-007] INFO    ACC connection thread LapTimeExtension.onLapComplete()                       : Lap completed: #20 	2:18.345	
[20260123-20:32:17-831] INFO    ACC connection thread LapTimeExtension.onLapComplete()                       : Lap completed: #96 	2:18.580	
[20260123-20:32:26-302] INFO    ACC connection thread LapTimeExtension.onLapComplete()                       : Lap completed: #477	2:00.670	
[20260123-20:32:28-842] INFO    ACC connection thread LapTimeExtension.onLapComplete()                       : Lap completed: #26 	1:59.742	
[20260123-20:32:29-976] INFO    ACC connection thread LapTimeExtension.onLapComplete()                       : Lap completed: #87 	1:59.290	[PB][SB]
[20260123-20:32:31-740] INFO    ACC connection thread LapTimeExtension.onLapComplete()                       : Lap completed: #2  	2:00.742	
[20260123-20:32:32-568] INFO    ACC connection thread LapTimeExtension.onLapComplete()                       : Lap completed: #762	2:00.152	
[20260123-20:32:35-080] INFO    ACC connection thread DangerDetectionExtension.setYellowFlag()               : Yellow Flag nr.100 :#563	00:12:07	00:14:39	[Spin]
[20260123-20:32:36-012] INFO    ACC connection thread LapTimeExtension.onLapComplete()                       : Lap completed: #8  	2:00.575	
[20260123-20:32:40-290] INFO    ACC connection thread LapTimeExtension.onLapComplete()                       : Lap completed: #99 	2:01.940	
[20260123-20:32:45-719] INFO    ACC connection thread LapTimeExtension.onLapComplete()                       : Lap completed: #25 	2:01.727	
[20260123-20:32:47-180] INFO    ACC connection thread LapTimeExtension.onLapComplete()                       : Lap completed: #100	2:06.620	
[20260123-20:32:48-001] INFO    ACC connection thread LapTimeExtension.onLapComplete()                       : Lap completed: #666	2:01.640	[PB]
[20260123-20:32:49-988] INFO    ACC connection thread LapTimeExtension.onLapComplete()                       : Lap completed: #33 	2:01.862	
[20260123-20:32:57-185] INFO    ACC connection thread LapTimeExtension.onLapComplete()                       : Lap completed: #4  	2:03.032	
[20260123-20:32:57-602] INFO    ACC connection thread LapTimeExtension.onLapComplete()                       : Lap completed: #17 	2:02.360	
[20260123-20:33:17-335] INFO    ACC connection thread LapTimeExtension.onLapComplete()                       : Lap completed: #777	2:13.815	[Inlap]
[20260123-20:33:24-740] INFO    ACC connection thread LapTimeExtension.onLapComplete()                       : Lap completed: #32 	2:05.537	
[20260123-20:33:28-898] INFO    ACC connection thread DangerDetectionExtension.setYellowFlag()               : Yellow Flag nr.101 :#563	00:13:01	00:15:33	[Spin]
[20260123-20:33:31-910] INFO    ACC connection thread LapTimeExtension.onLapComplete()                       : Lap completed: #188	2:05.477	
[20260123-20:33:40-212] INFO    ACC connection thread LapTimeExtension.onLapComplete()                       : Lap completed: #30 	2:07.207	[PB]
[20260123-20:33:40-821] INFO    ACC connection thread LapTimeExtension.onLapComplete()                       : Lap completed: #46 	2:09.902	
[20260123-20:33:41-252] INFO    ACC connection thread LapTimeExtension.onLapComplete()                       : Lap completed: #18 	2:10.547	
[20260123-20:33:43-007] INFO    ACC connection thread DangerDetectionExtension.setYellowFlag()               : Yellow Flag nr.102 :#32 	00:13:15	00:15:47	[Spin]
[20260123-20:34:04-732] INFO    ACC connection thread LapTimeExtension.onLapComplete()                       : Lap completed: #1  	2:13.765	
[20260123-20:34:12-605] INFO    ACC connection thread LapTimeExtension.onLapComplete()                       : Lap completed: #14 	2:23.815	[Inlap]
[20260123-20:34:12-606] INFO    ACC connection thread LapTimeExtension.onLapComplete()                       : Lap completed: #44 	2:07.415	
[20260123-20:34:12-922] INFO    ACC connection thread LapTimeExtension.onLapComplete()                       : Lap completed: #19 	3:03.452	[Outlap]
[20260123-20:34:19-106] INFO    ACC connection thread LapTimeExtension.onLapComplete()                       : Lap completed: #21 	2:14.582	[PB]
[20260123-20:34:23-163] INFO    ACC connection thread LapTimeExtension.onLapComplete()                       : Lap completed: #5  	2:16.220	
[20260123-20:34:25-420] INFO    ACC connection thread LapTimeExtension.onLapComplete()                       : Lap completed: #563	2:14.567	
[20260123-20:34:26-158] INFO    ACC connection thread LapTimeExtension.onLapComplete()                       : Lap completed: #477	1:59.897	
[20260123-20:34:29-004] INFO    ACC connection thread LapTimeExtension.onLapComplete()                       : Lap completed: #26 	2:00.200	
[20260123-20:34:29-628] INFO    ACC connection thread LapTimeExtension.onLapComplete()                       : Lap completed: #87 	1:59.677	
[20260123-20:34:31-495] INFO    ACC connection thread LapTimeExtension.onLapComplete()                       : Lap completed: #2  	1:59.800	
[20260123-20:34:32-956] INFO    ACC connection thread LapTimeExtension.onLapComplete()                       : Lap completed: #762	2:00.665	
[20260123-20:34:35-752] INFO    ACC connection thread LapTimeExtension.onLapComplete()                       : Lap completed: #20 	2:18.740	
[20260123-20:34:37-092] INFO    ACC connection thread LapTimeExtension.onLapComplete()                       : Lap completed: #8  	2:01.107	
[20260123-20:34:39-477] INFO    ACC connection thread LapTimeExtension.onLapComplete()                       : Lap completed: #96 	2:21.660	
[20260123-20:34:41-748] INFO    ACC connection thread LapTimeExtension.onLapComplete()                       : Lap completed: #99 	2:01.482	[PB]
[20260123-20:34:48-470] INFO    ACC connection thread DangerDetectionExtension.setYellowFlag()               : Yellow Flag nr.103 :#563	00:14:21	00:16:52	[Spin]
[20260123-20:34:48-567] INFO    ACC connection thread LapTimeExtension.onLapComplete()                       : Lap completed: #100	2:01.422	[PB]
[20260123-20:34:49-400] INFO    ACC connection thread LapTimeExtension.onLapComplete()                       : Lap completed: #666	2:01.457	[PB]
[20260123-20:34:52-297] INFO    ACC connection thread LapTimeExtension.onLapComplete()                       : Lap completed: #33 	2:02.295	
[20260123-20:34:55-204] INFO    ACC connection thread LapTimeExtension.onLapComplete()                       : Lap completed: #25 	2:09.487	[Inlap]
[20260123-20:35:00-205] INFO    ACC connection thread LapTimeExtension.onLapComplete()                       : Lap completed: #17 	2:02.710	
[20260123-20:35:01-866] INFO    ACC connection thread LapTimeExtension.onLapComplete()                       : Lap completed: #4  	2:04.707	
[20260123-20:35:09-909] INFO    ACC connection thread LapTimeExtension.onLapComplete()                       : Lap completed: #31 	8:05.502	[Outlap]
[20260123-20:35:10-963] INFO    ACC connection thread DangerDetectionExtension.setYellowFlag()               : Yellow Flag nr.104 :#46 	00:14:43	00:17:15	[Spin]
[20260123-20:35:37-330] INFO    ACC connection thread LapTimeExtension.onLapComplete()                       : Lap completed: #188	2:05.382	
[20260123-20:35:39-408] INFO    ACC connection thread LapTimeExtension.onLapComplete()                       : Lap completed: #32 	2:14.747	
[20260123-20:35:42-631] INFO    ACC connection thread DangerDetectionExtension.setYellowFlag()               : Yellow Flag nr.105 :#762	00:15:15	00:17:47	[Spin]
[20260123-20:35:48-367] INFO    ACC connection thread LapTimeExtension.onLapComplete()                       : Lap completed: #18 	2:07.072	[PB]
[20260123-20:35:52-200] INFO    ACC connection thread DangerDetectionExtension.setYellowFlag()               : Yellow Flag nr.106 :#563	00:15:24	00:17:56	[Spin]
[20260123-20:35:52-724] INFO    ACC connection thread ContactExtension.commitYellowFlagContact()             : Possible contact for yellow nr.105
[20260123-20:35:52-724] INFO    ACC connection thread ContactExtension.commitYellowFlagContact()             : 		#762	-
[20260123-20:35:52-724] INFO    ACC connection thread ContactExtension.logYellowFlagContactInfo()            : 		#5  	-3.80m
[20260123-20:35:52-725] INFO    ACC connection thread ContactExtension.commitContact()                       : Contact: #762, #5  	00:15:15	00:17:47
[20260123-20:35:52-725] INFO    ACC connection thread ContactExtension.matchYellowEvents()                   : 	matched flag nr.105	#762	+0.000s
[20260123-20:35:52-725] INFO    ACC connection thread ContactExtension.logYellowFlagContactInfo()            : 		#5  	-3.80m
[20260123-20:35:52-727] INFO    ACC connection thread LapTimeExtension.onLapComplete()                       : Lap completed: #777	2:35.477	[Outlap]
[20260123-20:35:55-311] INFO    ACC connection thread LapTimeExtension.onLapComplete()                       : Lap completed: #46 	2:14.440	
[20260123-20:35:58-441] INFO    ACC connection thread LapTimeExtension.onLapComplete()                       : Lap completed: #30 	2:18.175	[Inlap]
[20260123-20:36:00-661] INFO    ACC connection thread DangerDetectionExtension.setYellowFlag()               : Yellow Flag nr.107 :#563	00:15:33	00:18:05	[Spin]
[20260123-20:36:01-917] INFO    ACC connection thread ContactExtension.commitContact()                       : Contact: #26 , #87 	00:15:28	00:18:00
[20260123-20:36:17-093] INFO    ACC connection thread LapTimeExtension.onLapComplete()                       : Lap completed: #19 	2:04.192	
[20260123-20:36:18-746] INFO    ACC connection thread LapTimeExtension.onLapComplete()                       : Lap completed: #1  	2:14.072	[PB]
[20260123-20:36:18-950] INFO    ACC connection thread LapTimeExtension.onLapComplete()                       : Lap completed: #44 	2:06.405	
[20260123-20:36:26-900] INFO    ACC connection thread LapTimeExtension.onLapComplete()                       : Lap completed: #477	2:00.732	
[20260123-20:36:27-217] INFO    ACC connection thread DangerDetectionExtension.setYellowFlag()               : Yellow Flag nr.108 :#111	00:15:59	00:18:31	[Spin]
[20260123-20:36:30-764] INFO    ACC connection thread LapTimeExtension.onLapComplete()                       : Lap completed: #26 	2:01.782	
[20260123-20:36:31-497] INFO    ACC connection thread LapTimeExtension.onLapComplete()                       : Lap completed: #87 	2:01.885	
[20260123-20:36:31-909] INFO    ACC connection thread LapTimeExtension.onLapComplete()                       : Lap completed: #2  	2:00.357	
[20260123-20:36:37-195] INFO    ACC connection thread DangerDetectionExtension.setYellowFlag()               : Yellow Flag nr.109 :#33 	00:16:09	00:18:41	[Spin]
[20260123-20:36:39-170] INFO    ACC connection thread LapTimeExtension.onLapComplete()                       : Lap completed: #8  	2:02.010	
[20260123-20:36:39-693] INFO    ACC connection thread LapTimeExtension.onLapComplete()                       : Lap completed: #5  	2:16.507	
[20260123-20:36:40-210] INFO    ACC connection thread LapTimeExtension.onLapComplete()                       : Lap completed: #762	2:07.252	[Inlap]
[20260123-20:36:40-835] INFO    ACC connection thread DangerDetectionExtension.setYellowFlag()               : Yellow Flag nr.110 :#20 	00:16:13	00:18:45	[Spin]
[20260123-20:36:42-204] INFO    ACC connection thread LapTimeExtension.onLapComplete()                       : Lap completed: #21 	2:23.070	[Inlap]
[20260123-20:36:42-732] INFO    ACC connection thread ContactExtension.findOtherCars()                       : Contact: ?#20 		4.59m	00:16:09
[20260123-20:36:42-734] INFO    ACC connection thread ContactExtension.commitContact()                       : Contact: #33 , #20 	00:16:09	00:18:41
[20260123-20:36:42-734] INFO    ACC connection thread ContactExtension.matchYellowEvents()                   : 	matched flag nr.109	#33 	+0.630s
[20260123-20:36:42-735] INFO    ACC connection thread ContactExtension.logYellowFlagContactInfo()            : 		#20 	57.98m
[20260123-20:36:42-735] INFO    ACC connection thread ContactExtension.matchYellowEvents()                   : 	matched flag nr.110	#20 	+4.272s
[20260123-20:36:42-735] INFO    ACC connection thread ContactExtension.logYellowFlagContactInfo()            : 		#96 	8.71m
[20260123-20:36:45-129] INFO    ACC connection thread LapTimeExtension.onLapComplete()                       : Lap completed: #99 	2:03.310	
[20260123-20:36:45-940] INFO    ACC connection thread LapTimeExtension.onLapComplete()                       : Lap completed: #563	2:20.462	
[20260123-20:36:51-435] INFO    ACC connection thread LapTimeExtension.onLapComplete()                       : Lap completed: #100	2:02.850	
[20260123-20:36:51-761] INFO    ACC connection thread DangerDetectionExtension.setYellowFlag()               : Yellow Flag nr.111 :#563	00:16:24	00:18:56	[Spin]
[20260123-20:36:51-973] INFO    ACC connection thread LapTimeExtension.onLapComplete()                       : Lap completed: #666	2:02.567	
[20260123-20:37:00-465] INFO    ACC connection thread LapTimeExtension.onLapComplete()                       : Lap completed: #96 	2:20.950	
[20260123-20:37:03-071] INFO    ACC connection thread LapTimeExtension.onLapComplete()                       : Lap completed: #17 	2:02.830	
[20260123-20:37:05-180] INFO    ACC connection thread LapTimeExtension.onLapComplete()                       : Lap completed: #4  	2:03.262	
[20260123-20:37:05-798] INFO    ACC connection thread DangerDetectionExtension.setYellowFlag()               : Yellow Flag nr.112 :#666	00:16:38	00:19:10	[Slow][Spin]
[20260123-20:37:11-676] INFO    ACC connection thread ContactExtension.commitContact()                       : Contact: #666, #5  	00:16:38	00:19:10
[20260123-20:37:11-677] INFO    ACC connection thread ContactExtension.matchYellowEvents()                   : 	matched flag nr.112	#666	+0.212s
[20260123-20:37:11-677] INFO    ACC connection thread ContactExtension.logYellowFlagContactInfo()            : 		#5  	-18.38m
[20260123-20:37:11-994] INFO    ACC connection thread LapTimeExtension.onLapComplete()                       : Lap completed: #20 	2:36.217	
[20260123-20:37:14-510] INFO    ACC connection thread LapTimeExtension.onLapComplete()                       : Lap completed: #33 	2:22.185	[Inlap]
[20260123-20:37:17-148] INFO    ACC connection thread LapTimeExtension.onLapComplete()                       : Lap completed: #31 	2:07.277	
[20260123-20:37:19-128] INFO    ACC connection thread DangerDetectionExtension.setYellowFlag()               : Yellow Flag nr.113 :#563	00:16:51	00:19:23	[Spin]
[20260123-20:37:24-767] INFO    ACC connection thread LapTimeExtension.onLapComplete()                       : Lap completed: #14 	3:12.140	[Outlap]
[20260123-20:37:27-514] INFO    ACC connection thread LapTimeExtension.onLapComplete()                       : Lap completed: #25 	2:32.355	[Outlap]
[20260123-20:37:30-678] INFO    ACC connection thread AccConnection.lambda$checkForDisconnects$0()           : Car disconnected: #563	Silas  Borges
[20260123-20:37:42-093] INFO    ACC connection thread LapTimeExtension.onLapComplete()                       : Lap completed: #188	2:04.777	
[20260123-20:37:54-387] INFO    ACC connection thread LapTimeExtension.onLapComplete()                       : Lap completed: #32 	2:14.967	[Inlap]
[20260123-20:37:55-888] INFO    ACC connection thread LapTimeExtension.onLapComplete()                       : Lap completed: #777	2:03.182	
[20260123-20:37:57-337] INFO    ACC connection thread LapTimeExtension.onLapComplete()                       : Lap completed: #18 	2:08.905	
[20260123-20:38:08-603] INFO    ACC connection thread LapTimeExtension.onLapComplete()                       : Lap completed: #111	7:55.676	[Lap 1][Outlap]
[20260123-20:38:13-354] INFO    ACC connection thread LapTimeExtension.onLapComplete()                       : Lap completed: #46 	2:18.060	[Inlap]
[20260123-20:38:20-217] INFO    ACC connection thread LapTimeExtension.onLapComplete()                       : Lap completed: #19 	2:03.167	
[20260123-20:38:24-069] INFO    ACC connection thread LapTimeExtension.onLapComplete()                       : Lap completed: #44 	2:05.235	[PB]
[20260123-20:38:27-280] INFO    ACC connection thread LapTimeExtension.onLapComplete()                       : Lap completed: #477	2:00.422	
[20260123-20:38:32-621] INFO    ACC connection thread DangerDetectionExtension.setYellowFlag()               : Yellow Flag nr.114 :#111	00:18:05	00:20:37	[Spin]
[20260123-20:38:32-739] INFO    ACC connection thread LapTimeExtension.onLapComplete()                       : Lap completed: #87 	2:01.340	
[20260123-20:38:32-941] INFO    ACC connection thread LapTimeExtension.onLapComplete()                       : Lap completed: #26 	2:02.167	
[20260123-20:38:33-274] INFO    ACC connection thread LapTimeExtension.onLapComplete()                       : Lap completed: #2  	2:01.355	
[20260123-20:38:33-274] INFO    ACC connection thread LapTimeExtension.onLapComplete()                       : Lap completed: #1  	2:14.512	
[20260123-20:38:41-055] INFO    ACC connection thread LapTimeExtension.onLapComplete()                       : Lap completed: #8  	2:01.860	
[20260123-20:38:50-953] INFO    ACC connection thread LapTimeExtension.onLapComplete()                       : Lap completed: #99 	2:05.882	[Inlap]
[20260123-20:38:59-908] INFO    ACC connection thread DangerDetectionExtension.setYellowFlag()               : Yellow Flag nr.115 :#111	00:18:32	00:21:04	[Spin]
[20260123-20:39:04-614] INFO    ACC connection thread LapTimeExtension.onLapComplete()                       : Lap completed: #100	2:13.197	[Inlap]
[20260123-20:39:07-142] INFO    ACC connection thread LapTimeExtension.onLapComplete()                       : Lap completed: #17 	2:04.087	
[20260123-20:39:07-995] INFO    ACC connection thread LapTimeExtension.onLapComplete()                       : Lap completed: #762	2:27.832	[Outlap]
[20260123-20:39:09-467] INFO    ACC connection thread LapTimeExtension.onLapComplete()                       : Lap completed: #4  	2:04.330	
[20260123-20:39:19-132] INFO    ACC connection thread LapTimeExtension.onLapComplete()                       : Lap completed: #96 	2:18.735	
[20260123-20:39:26-145] INFO    ACC connection thread LapTimeExtension.onLapComplete()                       : Lap completed: #31 	2:08.977	
[20260123-20:39:29-969] INFO    ACC connection thread LapTimeExtension.onLapComplete()                       : Lap completed: #25 	2:02.362	
[20260123-20:39:37-246] INFO    ACC connection thread LapTimeExtension.onLapComplete()                       : Lap completed: #14 	2:12.577	[PB]
[20260123-20:39:39-047] INFO    ACC connection thread LapTimeExtension.onLapComplete()                       : Lap completed: #30 	3:40.720	[Outlap]
[20260123-20:39:43-000] INFO    ACC connection thread LapTimeExtension.onLapComplete()                       : Lap completed: #20 	2:31.035	[Inlap]
[20260123-20:39:44-584] INFO    ACC connection thread DangerDetectionExtension.setYellowFlag()               : Yellow Flag nr.116 :#31 	00:19:17	00:21:49	[Spin]
[20260123-20:39:47-092] INFO    ACC connection thread LapTimeExtension.onLapComplete()                       : Lap completed: #188	2:04.960	
[20260123-20:39:54-257] INFO    ACC connection thread LapTimeExtension.onLapComplete()                       : Lap completed: #21 	3:12.042	[Outlap]
[20260123-20:39:58-780] INFO    ACC connection thread LapTimeExtension.onLapComplete()                       : Lap completed: #777	2:02.885	
[20260123-20:40:03-799] INFO    ACC connection thread LapTimeExtension.onLapComplete()                       : Lap completed: #18 	2:06.547	[PB]
[20260123-20:40:22-575] INFO    ACC connection thread LapTimeExtension.onLapComplete()                       : Lap completed: #19 	2:02.347	[PB]
[20260123-20:40:24-837] INFO    ACC connection thread LapTimeExtension.onLapComplete()                       : Lap completed: #33 	3:10.387	[Outlap]
[20260123-20:40:27-007] INFO    ACC connection thread DangerDetectionExtension.setYellowFlag()               : Yellow Flag nr.117 :#17 	00:19:59	00:22:31	[Spin]
[20260123-20:40:27-229] INFO    ACC connection thread LapTimeExtension.onLapComplete()                       : Lap completed: #477	1:59.867	
[20260123-20:40:27-757] INFO    ACC connection thread DangerDetectionExtension.setYellowFlag()               : Yellow Flag nr.118 :#762	00:20:00	00:22:32	[Spin]
[20260123-20:40:31-790] INFO    ACC connection thread LapTimeExtension.onLapComplete()                       : Lap completed: #44 	2:07.512	
[20260123-20:40:32-517] INFO    ACC connection thread ContactExtension.commitContact()                       : Contact: #17 , #762	00:19:59	00:22:30
[20260123-20:40:32-518] INFO    ACC connection thread ContactExtension.matchYellowEvents()                   : 	matched flag nr.117	#17 	+0.529s
[20260123-20:40:32-518] INFO    ACC connection thread ContactExtension.logYellowFlagContactInfo()            : 		#762	13.63m
[20260123-20:40:32-518] INFO    ACC connection thread ContactExtension.matchYellowEvents()                   : 	matched flag nr.118	#762	+1.281s
[20260123-20:40:32-518] INFO    ACC connection thread ContactExtension.logYellowFlagContactInfo()            : 		#17 	-13.63m
[20260123-20:40:32-821] INFO    ACC connection thread LapTimeExtension.onLapComplete()                       : Lap completed: #87 	2:00.047	
[20260123-20:40:33-452] INFO    ACC connection thread LapTimeExtension.onLapComplete()                       : Lap completed: #26 	2:00.535	
[20260123-20:40:33-875] INFO    ACC connection thread LapTimeExtension.onLapComplete()                       : Lap completed: #2  	2:00.595	
[20260123-20:40:40-703] INFO    ACC connection thread ContactExtension.findOtherCars()                       : Contact: ?#762		-2.53m	00:20:07
[20260123-20:40:40-704] INFO    ACC connection thread ContactExtension.commitContact()                       : Contact: #17 , #762	00:20:07	00:22:39
[20260123-20:40:43-409] INFO    ACC connection thread LapTimeExtension.onLapComplete()                       : Lap completed: #8  	2:02.447	
[20260123-20:40:47-562] INFO    ACC connection thread LapTimeExtension.onLapComplete()                       : Lap completed: #1  	2:14.325	
[20260123-20:40:53-540] INFO    ACC connection thread DangerDetectionExtension.setYellowFlag()               : Yellow Flag nr.119 :#100	00:20:26	00:22:58	[Spin]
[20260123-20:40:59-720] INFO    ACC connection thread LapTimeExtension.onLapComplete()                       : Lap completed: #111	2:51.105	
[20260123-20:41:05-035] INFO    ACC connection thread DangerDetectionExtension.setYellowFlag()               : Yellow Flag nr.120 :#100	00:20:37	00:23:09	[Spin]
[20260123-20:41:05-988] INFO    ACC connection thread LapTimeExtension.onLapComplete()                       : Lap completed: #32 	3:11.582	[Outlap]
[20260123-20:41:18-087] INFO    ACC connection thread LapTimeExtension.onLapComplete()                       : Lap completed: #17 	2:10.900	
[20260123-20:41:20-202] INFO    ACC connection thread LapTimeExtension.onLapComplete()                       : Lap completed: #762	2:12.157	
[20260123-20:41:20-746] INFO    ACC connection thread LapTimeExtension.onLapComplete()                       : Lap completed: #46 	3:07.392	[Outlap]
[20260123-20:41:22-661] INFO    ACC connection thread LapTimeExtension.onLapComplete()                       : Lap completed: #4  	2:13.180	[Inlap]
[20260123-20:41:32-742] INFO    ACC connection thread LapTimeExtension.onLapComplete()                       : Lap completed: #25 	2:02.852	
[20260123-20:41:36-502] INFO    ACC connection thread LapTimeExtension.onLapComplete()                       : Lap completed: #96 	2:17.340	
[20260123-20:41:46-230] INFO    ACC connection thread LapTimeExtension.onLapComplete()                       : Lap completed: #30 	2:07.082	
[20260123-20:41:50-046] INFO    ACC connection thread LapTimeExtension.onLapComplete()                       : Lap completed: #14 	2:12.930	
[20260123-20:41:50-456] INFO    ACC connection thread LapTimeExtension.onLapComplete()                       : Lap completed: #31 	2:24.347	
[20260123-20:41:50-457] INFO    ACC connection thread LapTimeExtension.onLapComplete()                       : Lap completed: #99 	2:59.540	[Outlap]
[20260123-20:41:51-708] INFO    ACC connection thread LapTimeExtension.onLapComplete()                       : Lap completed: #188	2:04.645	
[20260123-20:42:02-850] INFO    ACC connection thread LapTimeExtension.onLapComplete()                       : Lap completed: #777	2:04.007	
[20260123-20:42:04-962] INFO    ACC connection thread DangerDetectionExtension.setYellowFlag()               : Yellow Flag nr.121 :#100	00:21:37	00:24:09	[Spin]
[20260123-20:42:07-682] INFO    ACC connection thread LapTimeExtension.onLapComplete()                       : Lap completed: #21 	2:13.452	[PB]
[20260123-20:42:08-648] INFO    ACC connection thread DangerDetectionExtension.setYellowFlag()               : Yellow Flag nr.122 :#100	00:21:41	00:24:13	[Spin]
[20260123-20:42:20-249] INFO    ACC connection thread LapTimeExtension.onLapComplete()                       : Lap completed: #18 	2:16.465	[Inlap]
[20260123-20:42:21-099] INFO    ACC connection thread ContactExtension.commitContact()                       : Contact: #188, #14 	00:21:47	00:24:19
[20260123-20:42:24-862] INFO    ACC connection thread LapTimeExtension.onLapComplete()                       : Lap completed: #19 	2:02.225	[PB]
[20260123-20:42:28-291] INFO    ACC connection thread LapTimeExtension.onLapComplete()                       : Lap completed: #477	2:01.080	
[20260123-20:42:31-043] INFO    ACC connection thread LapTimeExtension.onLapComplete()                       : Lap completed: #33 	2:06.182	[Inlap]
[20260123-20:42:32-974] INFO    ACC connection thread LapTimeExtension.onLapComplete()                       : Lap completed: #87 	2:00.162	
[20260123-20:42:34-049] INFO    ACC connection thread LapTimeExtension.onLapComplete()                       : Lap completed: #26 	2:00.560	
[20260123-20:42:34-898] INFO    ACC connection thread LapTimeExtension.onLapComplete()                       : Lap completed: #2  	2:01.030	
[20260123-20:42:39-060] INFO    ACC connection thread LapTimeExtension.onLapComplete()                       : Lap completed: #44 	2:07.285	
[20260123-20:42:50-702] INFO    ACC connection thread LapTimeExtension.onLapComplete()                       : Lap completed: #8  	2:07.285	[Inlap]
[20260123-20:42:53-142] INFO    ACC connection thread LapTimeExtension.onLapComplete()                       : Lap completed: #20 	3:10.130	[Outlap]
[20260123-20:43:02-589] INFO    ACC connection thread LapTimeExtension.onLapComplete()                       : Lap completed: #1  	2:15.020	
[20260123-20:43:07-602] INFO    ACC connection thread LapTimeExtension.onLapComplete()                       : Lap completed: #111	2:07.867	[PB]
[20260123-20:43:11-235] INFO    ACC connection thread LapTimeExtension.onLapComplete()                       : Lap completed: #32 	2:05.285	
[20260123-20:43:20-450] INFO    ACC connection thread LapTimeExtension.onLapComplete()                       : Lap completed: #17 	2:02.350	
[20260123-20:43:21-635] INFO    ACC connection thread LapTimeExtension.onLapComplete()                       : Lap completed: #762	2:01.385	
[20260123-20:43:27-925] INFO    ACC connection thread LapTimeExtension.onLapComplete()                       : Lap completed: #46 	2:07.177	
[20260123-20:43:28-370] INFO    ACC connection thread DangerDetectionExtension.setYellowFlag()               : Yellow Flag nr.123 :#31 	00:23:00	00:25:32	[Spin]
[20260123-20:43:33-764] INFO    ACC connection thread LapTimeExtension.onLapComplete()                       : Lap completed: #25 	2:00.995	[PB]
[20260123-20:43:52-030] INFO    ACC connection thread LapTimeExtension.onLapComplete()                       : Lap completed: #30 	2:05.832	[PB]
[20260123-20:43:54-227] INFO    ACC connection thread LapTimeExtension.onLapComplete()                       : Lap completed: #96 	2:17.740	
[20260123-20:43:57-058] INFO    ACC connection thread LapTimeExtension.onLapComplete()                       : Lap completed: #100	2:12.577	
[20260123-20:43:59-185] INFO    ACC connection thread LapTimeExtension.onLapComplete()                       : Lap completed: #188	2:07.527	
[20260123-20:44:04-340] INFO    ACC connection thread LapTimeExtension.onLapComplete()                       : Lap completed: #14 	2:14.040	
[20260123-20:44:04-454] INFO    ACC connection thread LapTimeExtension.onLapComplete()                       : Lap completed: #777	2:01.665	
[20260123-20:44:19-667] INFO    ACC connection thread LapTimeExtension.onLapComplete()                       : Lap completed: #4  	2:56.962	[Outlap]
[20260123-20:44:19-987] INFO    ACC connection thread DangerDetectionExtension.setYellowFlag()               : Yellow Flag nr.124 :#188	00:23:52	00:26:24	[Spin]
[20260123-20:44:19-987] INFO    ACC connection thread DangerDetectionExtension.setYellowFlag()               : Yellow Flag nr.125 :#111	00:23:52	00:26:24	[Spin]
[20260123-20:44:21-482] INFO    ACC connection thread LapTimeExtension.onLapComplete()                       : Lap completed: #21 	2:13.822	
[20260123-20:44:27-284] INFO    ACC connection thread LapTimeExtension.onLapComplete()                       : Lap completed: #19 	2:02.480	
[20260123-20:44:28-023] INFO    ACC connection thread LapTimeExtension.onLapComplete()                       : Lap completed: #31 	2:37.555	[Inlap]
[20260123-20:44:28-650] INFO    ACC connection thread LapTimeExtension.onLapComplete()                       : Lap completed: #477	2:00.440	
[20260123-20:44:33-641] INFO    ACC connection thread AccConnection.lambda$checkForDisconnects$0()           : Car disconnected: #31 	Fabio Matheus
[20260123-20:44:33-642] INFO    ACC connection thread AccConnection.lambda$checkForDisconnects$0()           : Car disconnected: #188	Nelson JANIQUES
[20260123-20:44:33-642] INFO    ACC connection thread AccConnection.lambda$checkForDisconnects$0()           : Car disconnected: #14 	Matheus Souza | G2R
[20260123-20:44:33-642] INFO    ACC connection thread AccConnection.lambda$checkForDisconnects$0()           : Car disconnected: #477	Rodrigo  Lopes
[20260123-20:44:33-642] INFO    ACC connection thread AccConnection.lambda$checkForDisconnects$0()           : Car disconnected: #5  	Dione Oliveira
[20260123-20:44:33-642] INFO    ACC connection thread AccConnection.lambda$checkForDisconnects$0()           : Car disconnected: #46 	MAIKON LIMA
[20260123-20:44:33-642] INFO    ACC connection thread AccConnection.lambda$checkForDisconnects$0()           : Car disconnected: #17 	Arthur Lima
[20260123-20:44:33-642] INFO    ACC connection thread AccConnection.lambda$checkForDisconnects$0()           : Car disconnected: #762	Bruno   Brettas
[20260123-20:44:33-642] INFO    ACC connection thread AccConnection.lambda$checkForDisconnects$0()           : Car disconnected: #111	K. Maceratti
[20260123-20:44:33-642] INFO    ACC connection thread AccConnection.lambda$checkForDisconnects$0()           : Car disconnected: #1  	Daniel Rodrigues I EXY
[20260123-20:44:33-642] INFO    ACC connection thread AccConnection.lambda$checkForDisconnects$0()           : Car disconnected: #2  	A Ubinski
[20260123-20:44:33-642] INFO    ACC connection thread AccConnection.lambda$checkForDisconnects$0()           : Car disconnected: #3  	C Faber | EXY
[20260123-20:44:33-642] INFO    ACC connection thread AccConnection.lambda$checkForDisconnects$0()           : Car disconnected: #8  	Alexandre  Branco | VRB
[20260123-20:44:33-642] INFO    ACC connection thread AccConnection.lambda$checkForDisconnects$0()           : Car disconnected: #30 	John  Alex
[20260123-20:44:33-642] INFO    ACC connection thread AccConnection.lambda$checkForDisconnects$0()           : Car disconnected: #44 	Daniel Antunes
[20260123-20:44:33-642] INFO    ACC connection thread AccConnection.lambda$checkForDisconnects$0()           : Car disconnected: #666	.... 666 Andre Luiz/UCR
[20260123-20:44:33-642] INFO    ACC connection thread AccConnection.lambda$checkForDisconnects$0()           : Car disconnected: #33 	Henrique Fabris
[20260123-20:44:33-644] INFO    ACC connection thread AccConnection.lambda$checkForDisconnects$0()           : Car disconnected: #26 	Anderson Crepaldi | MAV
[20260123-20:44:33-644] INFO    ACC connection thread AccConnection.lambda$checkForDisconnects$0()           : Car disconnected: #4  	Willian Garcia
[20260123-20:44:33-644] INFO    ACC connection thread AccConnection.lambda$checkForDisconnects$0()           : Car disconnected: #99 	Matheus  G Santos
[20260123-20:44:33-644] INFO    ACC connection thread AccConnection.lambda$checkForDisconnects$0()           : Car disconnected: #32 	Wesley Zinko
[20260123-20:44:33-644] INFO    ACC connection thread AccConnection.lambda$checkForDisconnects$0()           : Car disconnected: #18 	Juan Carlos T. Jimenez
[20260123-20:44:33-644] INFO    ACC connection thread AccConnection.lambda$checkForDisconnects$0()           : Car disconnected: #87 	Luiz Ribeiro
[20260123-20:44:33-644] INFO    ACC connection thread AccConnection.lambda$checkForDisconnects$0()           : Car disconnected: #19 	Arilson 
[20260123-20:44:33-644] INFO    ACC connection thread AccConnection.lambda$checkForDisconnects$0()           : Car disconnected: #25 	Cardoso  Cleisson | GPX G²
[20260123-20:44:33-644] INFO    ACC connection thread AccConnection.lambda$checkForDisconnects$0()           : Car disconnected: #777	Igor Castro
[20260123-20:44:33-644] INFO    ACC connection thread AccConnection.lambda$checkForDisconnects$0()           : Car disconnected: #100	Lucas  Guimarães |GPX G²
[20260123-20:44:33-644] INFO    ACC connection thread AccConnection.lambda$checkForDisconnects$0()           : Car disconnected: #20 	Rom  Damasceno
[20260123-20:44:33-644] INFO    ACC connection thread AccConnection.lambda$checkForDisconnects$0()           : Car disconnected: #21 	Sampaio Vicente | G2R
[20260123-20:44:33-644] INFO    ACC connection thread AccConnection.lambda$checkForDisconnects$0()           : Car disconnected: #96 	Christian Horyn | G2R
[20260123-20:44:34-063] INFO    ACC connection thread LapTimeExtension.onLapComplete()                       : Lap completed: #87 	2:00.470	
[20260123-20:44:34-116] INFO    ACC connection thread LapTimeExtension.onLapComplete()                       : Lap completed: #26 	2:00.072	
[20260123-20:44:35-280] INFO    ACC connection thread LapTimeExtension.onLapComplete()                       : Lap completed: #2  	2:00.402	
[20260123-20:44:44-710] INFO    ACC connection thread LapTimeExtension.onLapComplete()                       : Lap completed: #44 	2:05.712	
[20260123-20:44:51-557] INFO    ACC connection thread DangerDetectionExtension.setYellowFlag()               : Yellow Flag nr.126 :#21 	00:24:23	00:26:56	[Spin]
[20260123-20:44:53-995] INFO    ACC connection thread LapTimeExtension.onLapComplete()                       : Lap completed: #33 	2:22.922	[Outlap]
[20260123-20:45:06-947] INFO    ACC connection thread LapTimeExtension.onLapComplete()                       : Lap completed: #99 	3:16.372	[Outlap]
[20260123-20:45:10-486] INFO    ACC connection thread LapTimeExtension.onLapComplete()                       : Lap completed: #20 	2:17.397	[PB]
[20260123-20:45:16-178] INFO    ACC connection thread LapTimeExtension.onLapComplete()                       : Lap completed: #111	2:08.585	
[20260123-20:45:16-393] INFO    ACC connection thread LapTimeExtension.onLapComplete()                       : Lap completed: #32 	2:05.095	[PB]
[20260123-20:45:17-780] INFO    ACC connection thread LapTimeExtension.onLapComplete()                       : Lap completed: #1  	2:15.015	
[20260123-20:45:20-554] INFO    ACC connection thread LapTimeExtension.onLapComplete()                       : Lap completed: #8  	2:29.770	[Outlap]
[20260123-20:45:22-667] INFO    ACC connection thread LapTimeExtension.onLapComplete()                       : Lap completed: #17 	2:02.217	
[20260123-20:45:23-208] INFO    ACC connection thread LapTimeExtension.onLapComplete()                       : Lap completed: #762	2:01.570	
[20260123-20:45:33-448] INFO    ACC connection thread LapTimeExtension.onLapComplete()                       : Lap completed: #46 	2:05.495	
[20260123-20:45:38-292] INFO    ACC connection thread LapTimeExtension.onLapComplete()                       : Lap completed: #25 	2:04.575	
[20260123-20:45:52-428] INFO    ACC connection thread LapTimeExtension.onLapComplete()                       : Lap completed: #18 	3:32.182	[Outlap]
[20260123-20:45:57-935] INFO    ACC connection thread DangerDetectionExtension.setYellowFlag()               : Yellow Flag nr.127 :#777	00:25:30	00:28:02	[Spin]
[20260123-20:45:58-473] INFO    ACC connection thread LapTimeExtension.onLapComplete()                       : Lap completed: #30 	2:06.482	
[20260123-20:46:00-523] INFO    ACC connection thread StintTimeExtension.broadcastingEvent()                 : Liberado do pare&siga	#99 	02:02	PITLANE
[20260123-20:46:01-359] INFO    ACC connection thread LapTimeExtension.onLapComplete()                       : Lap completed: #100	2:04.310	
[20260123-20:46:04-007] INFO    ACC connection thread LapTimeExtension.onLapComplete()                       : Lap completed: #188	2:04.805	
[20260123-20:46:13-112] INFO    ACC connection thread LapTimeExtension.onLapComplete()                       : Lap completed: #96 	2:18.842	
[20260123-20:46:18-526] INFO    ACC connection thread LapTimeExtension.onLapComplete()                       : Lap completed: #14 	2:14.240	
[20260123-20:46:19-814] INFO    ACC connection thread ContactExtension.findOtherCars()                       : Contact: ?#1  		-4.12m	00:25:46
[20260123-20:46:19-814] INFO    ACC connection thread ContactExtension.commitContact()                       : Contact: #17 , #1  	00:25:46	00:28:18
[20260123-20:46:20-441] INFO    ACC connection thread LapTimeExtension.onLapComplete()                       : Lap completed: #777	2:15.927	
[20260123-20:46:24-830] INFO    ACC connection thread LapTimeExtension.onLapComplete()                       : Lap completed: #4  	2:05.240	
[20260123-20:46:29-195] INFO    ACC connection thread LapTimeExtension.onLapComplete()                       : Lap completed: #477	2:00.535	
[20260123-20:46:31-340] INFO    ACC connection thread LapTimeExtension.onLapComplete()                       : Lap completed: #19 	2:04.000	
[20260123-20:46:34-557] INFO    ACC connection thread LapTimeExtension.onLapComplete()                       : Lap completed: #26 	2:00.350	
[20260123-20:46:35-423] INFO    ACC connection thread LapTimeExtension.onLapComplete()                       : Lap completed: #2  	2:00.130	
[20260123-20:46:37-985] INFO    ACC connection thread LapTimeExtension.onLapComplete()                       : Lap completed: #87 	2:04.547	[Inlap]
[20260123-20:46:48-998] INFO    ACC connection thread DangerDetectionExtension.setYellowFlag()               : Yellow Flag nr.128 :#111	00:26:21	00:28:53	[Spin]
[20260123-20:46:49-852] INFO    ACC connection thread LapTimeExtension.onLapComplete()                       : Lap completed: #21 	2:28.232	
[20260123-20:46:49-877] INFO    ACC connection thread LapTimeExtension.onLapComplete()                       : Lap completed: #44 	2:05.110	[PB]
[20260123-20:46:54-295] INFO    ACC connection thread StintTimeExtension.broadcastingEvent()                 : Liberado do pare&siga	#18 	02:15	PITLANE
[20260123-20:46:56-059] INFO    ACC connection thread LapTimeExtension.onLapComplete()                       : Lap completed: #33 	2:02.127	
[20260123-20:46:57-291] INFO    ACC connection thread DangerDetectionExtension.setYellowFlag()               : Yellow Flag nr.129 :#111	00:26:29	00:29:01	[Spin]
[20260123-20:47:24-182] INFO    ACC connection thread LapTimeExtension.onLapComplete()                       : Lap completed: #8  	2:03.642	
[20260123-20:47:25-329] INFO    ACC connection thread LapTimeExtension.onLapComplete()                       : Lap completed: #32 	2:09.042	
[20260123-20:47:25-537] INFO    ACC connection thread LapTimeExtension.onLapComplete()                       : Lap completed: #762	2:02.377	
[20260123-20:47:27-639] INFO    ACC connection thread LapTimeExtension.onLapComplete()                       : Lap completed: #17 	2:05.012	
[20260123-20:47:30-996] INFO    ACC connection thread LapTimeExtension.onLapComplete()                       : Lap completed: #111	2:14.837	
[20260123-20:47:33-442] INFO    ACC connection thread LapTimeExtension.onLapComplete()                       : Lap completed: #1  	2:15.507	
[20260123-20:47:36-931] INFO    ACC connection thread LapTimeExtension.onLapComplete()                       : Lap completed: #20 	2:26.410	
[20260123-20:47:39-448] INFO    ACC connection thread LapTimeExtension.onLapComplete()                       : Lap completed: #46 	2:06.040	[PB]
[20260123-20:47:42-220] INFO    ACC connection thread LapTimeExtension.onLapComplete()                       : Lap completed: #25 	2:03.840	
[20260123-20:47:48-488] INFO    ACC connection thread DangerDetectionExtension.setYellowFlag()               : Yellow Flag nr.130 :#100	00:27:21	00:29:53	[Spin]
[20260123-20:48:01-204] INFO    ACC connection thread LapTimeExtension.onLapComplete()                       : Lap completed: #99 	2:54.352	[Outlap]
[20260123-20:48:04-737] INFO    ACC connection thread LapTimeExtension.onLapComplete()                       : Lap completed: #30 	2:06.280	
[20260123-20:48:10-296] INFO    ACC connection thread LapTimeExtension.onLapComplete()                       : Lap completed: #188	2:06.222	
[20260123-20:48:15-002] INFO    ACC connection thread LapTimeExtension.onLapComplete()                       : Lap completed: #100	2:13.702	
[20260123-20:48:15-734] INFO    ACC connection thread DangerDetectionExtension.setYellowFlag()               : Yellow Flag nr.131 :#111	00:27:48	00:30:20	[Spin]
[20260123-20:48:23-660] INFO    ACC connection thread ContactExtension.commitContact()                       : Contact: #477, #14 	00:27:50	00:30:22
[20260123-20:48:25-165] INFO    ACC connection thread LapTimeExtension.onLapComplete()                       : Lap completed: #31 	3:57.142	[Outlap]
[20260123-20:48:25-710] INFO    ACC connection thread LapTimeExtension.onLapComplete()                       : Lap completed: #777	2:05.325	
[20260123-20:48:28-680] INFO    ACC connection thread LapTimeExtension.onLapComplete()                       : Lap completed: #4  	2:03.830	
[20260123-20:48:32-334] INFO    ACC connection thread LapTimeExtension.onLapComplete()                       : Lap completed: #14 	2:13.865	
[20260123-20:48:34-905] INFO    ACC connection thread LapTimeExtension.onLapComplete()                       : Lap completed: #19 	2:03.595	
[20260123-20:48:35-010] INFO    ACC connection thread DangerDetectionExtension.setYellowFlag()               : Yellow Flag nr.132 :#46 	00:28:07	00:30:39	[Spin]
[20260123-20:48:35-356] INFO    ACC connection thread LapTimeExtension.onLapComplete()                       : Lap completed: #26 	2:00.840	
[20260123-20:48:35-770] INFO    ACC connection thread LapTimeExtension.onLapComplete()                       : Lap completed: #2  	2:00.360	
[20260123-20:48:35-775] INFO    ACC connection thread LapTimeExtension.onLapComplete()                       : Lap completed: #477	2:06.570	[Inlap]
[20260123-20:48:38-392] INFO    ACC connection thread LapTimeExtension.onLapComplete()                       : Lap completed: #96 	2:25.285	
[20260123-20:48:55-203] INFO    ACC connection thread LapTimeExtension.onLapComplete()                       : Lap completed: #44 	2:05.295	
[20260123-20:48:59-299] INFO    ACC connection thread LapTimeExtension.onLapComplete()                       : Lap completed: #33 	2:03.210	
[20260123-20:49:02-626] INFO    ACC connection thread LapTimeExtension.onLapComplete()                       : Lap completed: #18 	3:10.172	[Outlap]
[20260123-20:49:04-661] INFO    ACC connection thread LapTimeExtension.onLapComplete()                       : Lap completed: #21 	2:14.885	
[20260123-20:49:06-461] INFO    ACC connection thread LapTimeExtension.onLapComplete()                       : Lap completed: #87 	2:28.437	[Outlap]
[20260123-20:49:25-890] INFO    ACC connection thread LapTimeExtension.onLapComplete()                       : Lap completed: #8  	2:01.697	
[20260123-20:49:28-054] INFO    ACC connection thread LapTimeExtension.onLapComplete()                       : Lap completed: #762	2:02.532	
[20260123-20:49:31-082] INFO    ACC connection thread LapTimeExtension.onLapComplete()                       : Lap completed: #17 	2:03.370	
[20260123-20:49:32-665] INFO    ACC connection thread LapTimeExtension.onLapComplete()                       : Lap completed: #32 	2:07.310	
[20260123-20:49:35-343] INFO    ACC connection thread ContactExtension.commitContact()                       : Contact: #2  , #26 	00:29:01	00:31:33
[20260123-20:49:45-683] INFO    ACC connection thread LapTimeExtension.onLapComplete()                       : Lap completed: #25 	2:03.470	
[20260123-20:49:47-182] INFO    ACC connection thread LapTimeExtension.onLapComplete()                       : Lap completed: #46 	2:07.762	
[20260123-20:49:47-714] INFO    ACC connection thread LapTimeExtension.onLapComplete()                       : Lap completed: #1  	2:14.570	
[20260123-20:49:52-412] INFO    ACC connection thread LapTimeExtension.onLapComplete()                       : Lap completed: #111	2:21.427	
[20260123-20:50:00-804] INFO    ACC connection thread LapTimeExtension.onLapComplete()                       : Lap completed: #20 	2:23.885	
[20260123-20:50:01-126] INFO    ACC connection thread LapTimeExtension.onLapComplete()                       : Lap completed: #99 	1:59.820	[PB]
[20260123-20:50:11-179] INFO    ACC connection thread LapTimeExtension.onLapComplete()                       : Lap completed: #30 	2:06.365	
[20260123-20:50:15-001] INFO    ACC connection thread DangerDetectionExtension.setYellowFlag()               : Yellow Flag nr.133 :#31 	00:29:47	00:32:19	[Spin]
[20260123-20:50:15-508] INFO    ACC connection thread LapTimeExtension.onLapComplete()                       : Lap completed: #188	2:05.257	
[20260123-20:50:17-682] INFO    ACC connection thread DangerDetectionExtension.setYellowFlag()               : Yellow Flag nr.134 :#111	00:29:50	00:32:22	[Spin]
[20260123-20:50:23-900] INFO    ACC connection thread ContactExtension.commitContact()                       : Contact: #26 , #2  	00:29:50	00:32:22
[20260123-20:50:27-488] INFO    ACC connection thread AccConnection.onSessionPhaseChaged()                   : session phase changed to SESSIONOVER
[20260123-20:50:28-434] INFO    ACC connection thread LapTimeExtension.onLapComplete()                       : Lap completed: #777	2:02.725	
[20260123-20:50:32-300] INFO    ACC connection thread LapTimeExtension.onLapComplete()                       : Lap completed: #31 	2:07.160	
[20260123-20:50:32-627] INFO    ACC connection thread LapTimeExtension.onLapComplete()                       : Lap completed: #4  	2:03.905	
[20260123-20:50:38-293] INFO    ACC connection thread LapTimeExtension.onLapComplete()                       : Lap completed: #2  	2:02.592	
[20260123-20:50:40-870] INFO    ACC connection thread LapTimeExtension.onLapComplete()                       : Lap completed: #19 	2:05.950	
[20260123-20:50:45-504] INFO    ACC connection thread LapTimeExtension.onLapComplete()                       : Lap completed: #26 	2:10.167	[Inlap]
[20260123-20:50:46-015] INFO    ACC connection thread LapTimeExtension.onLapComplete()                       : Lap completed: #14 	2:13.587	
[20260123-20:50:53-647] INFO    ACC connection thread DangerDetectionExtension.setYellowFlag()               : Yellow Flag nr.135 :#31 	00:30:26	00:32:58	[Spin]
[20260123-20:50:55-718] INFO    ACC connection thread LapTimeExtension.onLapComplete()                       : Lap completed: #96 	2:17.192	
[20260123-20:51:02-717] INFO    ACC connection thread LapTimeExtension.onLapComplete()                       : Lap completed: #44 	2:07.540	
[20260123-20:51:02-819] INFO    ACC connection thread LapTimeExtension.onLapComplete()                       : Lap completed: #33 	2:03.532	
[20260123-20:51:05-716] INFO    ACC connection thread LapTimeExtension.onLapComplete()                       : Lap completed: #477	2:29.827	[Outlap]
[20260123-20:51:06-293] INFO    ACC connection thread LapTimeExtension.onLapComplete()                       : Lap completed: #87 	1:59.797	
[20260123-20:51:10-542] INFO    ACC connection thread LapTimeExtension.onLapComplete()                       : Lap completed: #18 	2:07.917	
[20260123-20:51:11-507] INFO    ACC connection thread DangerDetectionExtension.setYellowFlag()               : Yellow Flag nr.136 :#477	00:30:44	00:33:16	[Spin]
[20260123-20:51:12-364] INFO    ACC connection thread DangerDetectionExtension.setYellowFlag()               : Yellow Flag nr.137 :#87 	00:30:44	00:33:16	[Spin]
[20260123-20:51:19-608] INFO    ACC connection thread LapTimeExtension.onLapComplete()                       : Lap completed: #21 	2:14.957	
[20260123-20:51:27-116] INFO    ACC connection thread LapTimeExtension.onLapComplete()                       : Lap completed: #8  	2:01.225	
[20260123-20:51:29-566] INFO    ACC connection thread DangerDetectionExtension.setYellowFlag()               : Yellow Flag nr.138 :#31 	00:31:02	00:33:34	[Spin]
[20260123-20:51:29-679] INFO    ACC connection thread LapTimeExtension.onLapComplete()                       : Lap completed: #762	2:01.607	
[20260123-20:51:32-814] INFO    ACC connection thread DangerDetectionExtension.setYellowFlag()               : Yellow Flag nr.139 :#762	00:31:05	00:33:37	[Spin]
[20260123-20:51:35-369] INFO    ACC connection thread LapTimeExtension.onLapComplete()                       : Lap completed: #17 	2:04.312	
[20260123-20:51:36-104] INFO    ACC connection thread LapTimeExtension.onLapComplete()                       : Lap completed: #32 	2:03.370	[PB]
[20260123-20:51:38-046] INFO    ACC connection thread DangerDetectionExtension.setYellowFlag()               : Yellow Flag nr.140 :#762	00:31:10	00:33:42	[Spin]
[20260123-20:51:48-873] INFO    ACC connection thread LapTimeExtension.onLapComplete()                       : Lap completed: #25 	2:03.175	
[20260123-20:51:54-294] INFO    ACC connection thread LapTimeExtension.onLapComplete()                       : Lap completed: #46 	2:07.035	
[20260123-20:51:57-426] INFO    ACC connection thread DangerDetectionExtension.setYellowFlag()               : Yellow Flag nr.141 :#31 	00:31:29	00:34:01	[Spin]
[20260123-20:52:02-422] INFO    ACC connection thread LapTimeExtension.onLapComplete()                       : Lap completed: #99 	2:01.175	
[20260123-20:52:02-424] INFO    ACC connection thread LapTimeExtension.onLapComplete()                       : Lap completed: #111	2:09.842	
[20260123-20:52:02-955] INFO    ACC connection thread LapTimeExtension.onLapComplete()                       : Lap completed: #1  	2:15.170	
[20260123-20:52:03-918] INFO    ACC connection thread DangerDetectionExtension.setYellowFlag()               : Yellow Flag nr.142 :#46 	00:31:36	00:34:08	[Slow][Spin]
[20260123-20:52:16-829] INFO    ACC connection thread AccConnection.lambda$checkForDisconnects$0()           : Car disconnected: #762	Bruno   Brettas
[20260123-20:52:19-696] INFO    ACC connection thread LapTimeExtension.onLapComplete()                       : Lap completed: #30 	2:08.532	
[20260123-20:52:20-442] INFO    ACC connection thread LapTimeExtension.onLapComplete()                       : Lap completed: #188	2:04.890	
[20260123-20:52:22-443] INFO    ACC connection thread LapTimeExtension.onLapComplete()                       : Lap completed: #20 	2:21.582	
[20260123-20:52:26-090] INFO    ACC connection thread DangerDetectionExtension.setYellowFlag()               : Yellow Flag nr.143 :#30 	00:31:58	00:34:30	[Spin]
[20260123-20:52:31-181] INFO    ACC connection thread LapTimeExtension.onLapComplete()                       : Lap completed: #777	2:02.697	
[20260123-20:52:33-050] INFO    ACC connection thread DangerDetectionExtension.setYellowFlag()               : Yellow Flag nr.144 :#20 	00:32:05	00:34:37	[Spin]
[20260123-20:52:36-819] INFO    ACC connection thread LapTimeExtension.onLapComplete()                       : Lap completed: #4  	2:04.140	
[20260123-20:52:38-365] INFO    ACC connection thread AccConnection.onSessionPhaseChaged()                   : session phase changed to POSTSESSION
[20260123-20:52:39-887] INFO    ACC connection thread ContactExtension.commitContact()                       : Contact: #17 , #20 	00:32:06	00:34:38
[20260123-20:53:05-482] INFO    ACC connection thread LapTimeExtension.onLapComplete()                       : Lap completed: #31 	2:33.095	
[20260123-20:53:14-263] INFO    ACC connection thread AccConnection.lambda$checkForDisconnects$0()           : Car disconnected: #100	Lucas  Guimarães |GPX G²
[20260123-20:53:18-127] INFO    ACC connection thread AccConnection.lambda$checkForDisconnects$0()           : Car disconnected: #1  	Daniel Rodrigues I EXY
[20260123-20:53:49-488] INFO    ACC connection thread AccConnection.onEntryListCarUpdate()                   : Car connected: #47 	Lucas  Guimarães |GPX G²
[20260123-20:54:21-271] INFO    ACC connection thread AccConnection.lambda$checkForDisconnects$0()           : Car disconnected: #14 	Matheus Souza | G2R
[20260123-20:54:37-931] INFO    ACC connection thread AccConnection.lambda$checkForDisconnects$0()           : Car disconnected: #20 	Rom  Damasceno
[20260123-20:54:38-346] INFO    ACC connection thread AccConnection.onSessionPhaseChaged()                   : session phase changed to RESULTUI
[20260123-20:54:38-347] INFO    ACC connection thread AccConnection.onSessionChanged()                       : session changed to PRACTICE Index:5 sessionCount:1
[20260123-20:54:38-347] INFO    ACC connection thread ReplayOffsetExtension.onEvent()                        : Setting replayStartTime based on session change time to: 1769212478347
[20260123-20:54:38-347] INFO    ACC connection thread GoogleSheetsAPIExtension.updateSpreadsheetTarget()     : Target Sheet changed to ""
[20260123-20:54:38-347] INFO    ACC connection thread ResultsExtension.createNewFile()                       : Session Changed, creating dirs and files
[20260123-20:54:38-348] INFO    ACC connection thread AccConnection.onSessionPhaseChaged()                   : session phase changed to STARTING
[20260123-20:54:38-348] INFO    ACC connection thread AccConnection.onSessionPhaseChaged()                   : session phase changed to PREFORMATION
[20260123-20:54:41-371] INFO    ACC connection thread AccConnection.onSessionPhaseChaged()                   : session phase changed to FORMATIONLAP
[20260123-20:54:41-371] INFO    ACC connection thread AccConnection.onSessionPhaseChaged()                   : session phase changed to PRESESSION
[20260123-20:54:41-372] INFO    ACC connection thread AccConnection.onSessionPhaseChaged()                   : session phase changed to SESSION
[20260123-20:55:12-963] INFO    ACC connection thread DangerDetectionExtension.setYellowFlag()               : Yellow Flag nr.145 :#3  	00:00:31	00:00:34	[Spin]
[20260123-20:55:41-386] INFO    ACC connection thread AccConnection.onSessionPhaseChaged()                   : session phase changed to SESSIONOVER
[20260123-20:55:41-386] INFO    ACC connection thread AccConnection.onSessionPhaseChaged()                   : session phase changed to POSTSESSION
[20260123-20:55:41-386] INFO    ACC connection thread AccConnection.onSessionPhaseChaged()                   : session phase changed to RESULTUI
[20260123-20:55:41-387] INFO    ACC connection thread AccConnection.onSessionChanged()                       : session changed to RACE Index:6 sessionCount:1
[20260123-20:55:41-387] INFO    ACC connection thread ReplayOffsetExtension.onEvent()                        : Setting replayStartTime based on session change time to: 1769212541387
[20260123-20:55:41-387] INFO    ACC connection thread GoogleSheetsAPIExtension.updateSpreadsheetTarget()     : Target Sheet changed to ""
[20260123-20:55:41-387] INFO    ACC connection thread ResultsExtension.createNewFile()                       : Session Changed, creating dirs and files
[20260123-20:55:41-388] INFO    ACC connection thread AccConnection.onSessionPhaseChaged()                   : session phase changed to STARTING
[20260123-20:55:41-388] INFO    ACC connection thread AccConnection.onSessionPhaseChaged()                   : session phase changed to PREFORMATION
[20260123-20:57:19-686] INFO    ACC connection thread AccConnection.lambda$checkForDisconnects$0()           : Car disconnected: #666	.... 666 Andre Luiz/UCR
[20260123-20:57:41-334] INFO    ACC connection thread AccConnection.onSessionPhaseChaged()                   : session phase changed to FORMATIONLAP
[20260123-20:57:42-369] INFO    ACC connection thread AccConnection.onSessionPhaseChaged()                   : session phase changed to PRESESSION
[20260123-20:58:12-880] INFO    ACC connection thread AccConnection.onSessionPhaseChaged()                   : session phase changed to SESSION
[20260123-20:58:20-074] INFO    ACC connection thread ContactExtension.findOtherCars()                       : Contact: ?#33 		1.27m	00:00:01
[20260123-20:58:20-075] INFO    ACC connection thread ContactExtension.commitContact()                       : Contact: #19 , #33 	00:00:01	00:02:32
[20260123-20:58:26-268] INFO    ACC connection thread ContactExtension.commitContact()                       : Contact: #4  , #19 	00:00:07	00:02:38
[20260123-20:58:27-913] INFO    ACC connection thread DangerDetectionExtension.setYellowFlag()               : Yellow Flag nr.146 :#46 	00:00:15	00:02:46	[Slow][Spin]
[20260123-20:58:27-914] INFO    ACC connection thread DangerDetectionExtension.setYellowFlag()               : Yellow Flag nr.147 :#188	00:00:15	00:02:46	[Slow][Spin]
[20260123-20:58:27-914] INFO    ACC connection thread DangerDetectionExtension.setYellowFlag()               : Yellow Flag nr.148 :#111	00:00:15	00:02:46	[Slow][Spin]
[20260123-20:58:28-124] INFO    ACC connection thread ContactExtension.findOtherCars()                       : Contact: ?#19 		-1.58m	00:00:09
[20260123-20:58:28-124] INFO    ACC connection thread ContactExtension.commitContact()                       : Contact: #32 , #19 	00:00:09	00:02:40
[20260123-20:58:32-018] INFO    ACC connection thread ContactExtension.commitContact()                       : Contact: #14 , #111	00:00:13	00:02:44
[20260123-20:58:32-019] INFO    ACC connection thread ContactExtension.matchYellowEvents()                   : 	matched flag nr.148	#111	+1.994s
[20260123-20:58:32-019] INFO    ACC connection thread ContactExtension.logYellowFlagContactInfo()            : 		#96 	77.64m
[20260123-20:58:33-386] INFO    ACC connection thread ContactExtension.findOtherCars()                       : Contact: ?#14 		-1.90m	00:00:14
[20260123-20:58:33-387] INFO    ACC connection thread ContactExtension.commitContact()                       : Contact: #188, #14 	00:00:14	00:02:46
[20260123-20:58:33-387] INFO    ACC connection thread ContactExtension.matchYellowEvents()                   : 	matched flag nr.147	#188	+0.522s
[20260123-20:58:33-387] INFO    ACC connection thread ContactExtension.logYellowFlagContactInfo()            : 		#46 	144.48m
[20260123-20:58:40-008] INFO    ACC connection thread DangerDetectionExtension.setYellowFlag()               : Yellow Flag nr.149 :#30 	00:00:27	00:02:58	[Spin]
[20260123-20:58:42-175] INFO    ACC connection thread ContactExtension.commitContact()                       : Contact: #30 , #17 	00:00:23	00:02:54
[20260123-20:58:42-175] INFO    ACC connection thread ContactExtension.matchYellowEvents()                   : 	matched flag nr.149	#30 	+3.966s
[20260123-20:58:42-175] INFO    ACC connection thread ContactExtension.logYellowFlagContactInfo()            : 		#17 	31.53m
[20260123-20:58:50-249] INFO    ACC connection thread ContactExtension.commitContact()                       : Contact: #32 , #96 	00:00:31	00:03:02
[20260123-20:58:58-212] INFO    ACC connection thread DangerDetectionExtension.setYellowFlag()               : Yellow Flag nr.150 :#8  	00:00:45	00:03:16	[Spin]
[20260123-20:59:03-958] INFO    ACC connection thread ContactExtension.commitContact()                       : Contact: #8  , #25 	00:00:44	00:03:16
[20260123-20:59:03-958] INFO    ACC connection thread ContactExtension.matchYellowEvents()                   : 	matched flag nr.150	#8  	+0.422s
[20260123-20:59:03-958] INFO    ACC connection thread ContactExtension.logYellowFlagContactInfo()            : 		#25 	169.20m
[20260123-20:59:27-932] INFO    ACC connection thread ContactExtension.findOtherCars()                       : Contact: ?#46 		-4.28m	00:01:09
[20260123-20:59:27-932] INFO    ACC connection thread ContactExtension.commitContact()                       : Contact: #32 , #46 	00:01:09	00:03:40
[20260123-20:59:29-178] INFO    ACC connection thread DangerDetectionExtension.setYellowFlag()               : Yellow Flag nr.151 :#2  	00:01:16	00:03:47	[Spin]
[20260123-20:59:33-966] INFO    ACC connection thread ContactExtension.commitContact()                       : Contact: #26 , #2  	00:01:15	00:03:46
[20260123-20:59:33-966] INFO    ACC connection thread ContactExtension.matchYellowEvents()                   : 	matched flag nr.151	#2  	+1.243s
[20260123-20:59:33-967] INFO    ACC connection thread ContactExtension.logYellowFlagContactInfo()            : 		#26 	6.18m
[20260123-20:59:35-776] INFO    ACC connection thread DangerDetectionExtension.setYellowFlag()               : Yellow Flag nr.152 :#777	00:01:22	00:03:54	[Spin]
[20260123-20:59:40-912] INFO    ACC connection thread DangerDetectionExtension.setYellowFlag()               : Yellow Flag nr.153 :#2  	00:01:28	00:03:59	[Spin]
[20260123-20:59:44-843] INFO    ACC connection thread AccConnection.lambda$checkForDisconnects$0()           : Car disconnected: #21 	Sampaio Vicente | G2R
[20260123-20:59:46-540] INFO    ACC connection thread ContactExtension.commitContact()                       : Contact: #99 , #2  	00:01:27	00:03:59
[20260123-20:59:46-540] INFO    ACC connection thread ContactExtension.matchYellowEvents()                   : 	matched flag nr.153	#2  	+0.540s
[20260123-20:59:46-540] INFO    ACC connection thread ContactExtension.logYellowFlagContactInfo()            : 		#99 	-5.71m
[20260123-20:59:51-187] INFO    ACC connection thread ContactExtension.commitContact()                       : Contact: #99 , #3  	00:01:32	00:04:03
[20260123-20:59:53-972] INFO    ACC connection thread DangerDetectionExtension.setYellowFlag()               : Yellow Flag nr.154 :#3  	00:01:41	00:04:12	[Spin]
[20260123-20:59:55-686] INFO    ACC connection thread DangerDetectionExtension.setYellowFlag()               : Yellow Flag nr.155 :#99 	00:01:42	00:04:14	[Spin]
[20260123-20:59:59-507] INFO    ACC connection thread ContactExtension.commitContact()                       : Contact: #99 , #3  	00:01:40	00:04:12
[20260123-20:59:59-508] INFO    ACC connection thread ContactExtension.matchYellowEvents()                   : 	matched flag nr.154	#3  	+0.653s
[20260123-20:59:59-508] INFO    ACC connection thread ContactExtension.logYellowFlagContactInfo()            : 		#99 	86.04m
[20260123-20:59:59-508] INFO    ACC connection thread ContactExtension.matchYellowEvents()                   : 	matched flag nr.155	#99 	+2.367s
[20260123-20:59:59-508] INFO    ACC connection thread ContactExtension.logYellowFlagContactInfo()            : 		#3  	-86.04m
[20260123-21:00:02-935] INFO    ACC connection thread ContactExtension.commitContact()                       : Contact: #99 , #33 	00:01:44	00:04:15
[20260123-21:00:11-543] INFO    ACC connection thread ContactExtension.findOtherCars()                       : Contact: ?#25 		-4.12m	00:01:52
[20260123-21:00:11-543] INFO    ACC connection thread ContactExtension.commitContact()                       : Contact: #777, #25 	00:01:52	00:04:24
[20260123-21:00:14-730] INFO    ACC connection thread LapTimeExtension.onLapComplete()                       : Lap completed: #477	2:07.777	[Lap 1][PB][SB]
[20260123-21:00:16-955] INFO    ACC connection thread LapTimeExtension.onLapComplete()                       : Lap completed: #26 	2:08.867	[Lap 1]
[20260123-21:00:18-879] INFO    ACC connection thread LapTimeExtension.onLapComplete()                       : Lap completed: #87 	2:10.085	[Lap 1]
[20260123-21:00:24-171] INFO    ACC connection thread LapTimeExtension.onLapComplete()                       : Lap completed: #2  	2:16.350	[Lap 1]
[20260123-21:00:25-860] INFO    ACC connection thread LapTimeExtension.onLapComplete()                       : Lap completed: #777	2:15.502	[Lap 1]
[20260123-21:00:26-275] INFO    ACC connection thread LapTimeExtension.onLapComplete()                       : Lap completed: #25 	2:16.702	[Lap 1]
[20260123-21:00:28-176] INFO    ACC connection thread LapTimeExtension.onLapComplete()                       : Lap completed: #17 	2:13.317	[Lap 1]
[20260123-21:00:28-280] INFO    ACC connection thread LapTimeExtension.onLapComplete()                       : Lap completed: #44 	2:14.430	[Lap 1]
[20260123-21:00:29-220] INFO    ACC connection thread LapTimeExtension.onLapComplete()                       : Lap completed: #33 	2:17.215	[Lap 1]
[20260123-21:00:29-221] INFO    ACC connection thread LapTimeExtension.onLapComplete()                       : Lap completed: #47 	2:13.460	[Lap 1]
[20260123-21:00:29-746] INFO    ACC connection thread LapTimeExtension.onLapComplete()                       : Lap completed: #30 	2:15.820	[Lap 1]
[20260123-21:00:30-887] INFO    ACC connection thread LapTimeExtension.onLapComplete()                       : Lap completed: #31 	2:16.627	[Lap 1]
[20260123-21:00:34-650] INFO    ACC connection thread LapTimeExtension.onLapComplete()                       : Lap completed: #14 	2:18.225	[Lap 1][PB]
[20260123-21:00:36-010] INFO    ACC connection thread LapTimeExtension.onLapComplete()                       : Lap completed: #32 	2:22.917	[Lap 1]
[20260123-21:00:36-117] INFO    ACC connection thread ContactExtension.commitContact()                       : Contact: #18 , #188	00:02:17	00:04:48
[20260123-21:00:36-227] INFO    ACC connection thread LapTimeExtension.onLapComplete()                       : Lap completed: #1  	2:20.222	[Lap 1][PB]
[20260123-21:00:36-967] INFO    ACC connection thread LapTimeExtension.onLapComplete()                       : Lap completed: #111	2:21.440	[Lap 1]
[20260123-21:00:38-235] INFO    ACC connection thread LapTimeExtension.onLapComplete()                       : Lap completed: #18 	2:23.322	[Lap 1]
[20260123-21:00:38-962] INFO    ACC connection thread LapTimeExtension.onLapComplete()                       : Lap completed: #188	2:26.237	[Lap 1]
[20260123-21:00:40-622] INFO    ACC connection thread LapTimeExtension.onLapComplete()                       : Lap completed: #3  	2:30.487	[Lap 1]
[20260123-21:00:43-773] INFO    ACC connection thread LapTimeExtension.onLapComplete()                       : Lap completed: #4  	2:32.222	[Lap 1]
[20260123-21:00:44-482] INFO    ACC connection thread LapTimeExtension.onLapComplete()                       : Lap completed: #96 	2:29.995	[Lap 1][PB]
[20260123-21:00:48-573] INFO    ACC connection thread LapTimeExtension.onLapComplete()                       : Lap completed: #19 	2:36.290	[Lap 1]
[20260123-21:00:55-924] INFO    ACC connection thread LapTimeExtension.onLapComplete()                       : Lap completed: #46 	2:40.700	[Lap 1][Inlap]
[20260123-21:00:56-442] INFO    ACC connection thread LapTimeExtension.onLapComplete()                       : Lap completed: #99 	2:47.447	[Lap 1][Inlap]
[20260123-21:00:57-480] INFO    ACC connection thread AccConnection.lambda$checkForDisconnects$0()           : Car disconnected: #5  	Dione Oliveira
[20260123-21:00:58-548] INFO    ACC connection thread AccConnection.lambda$checkForDisconnects$0()           : Car disconnected: #8  	Alexandre  Branco | VRB
[20260123-21:01:31-358] INFO    ACC connection thread DangerDetectionExtension.setYellowFlag()               : Yellow Flag nr.156 :#44 	00:03:18	00:05:49	[Spin]
[20260123-21:01:33-323] INFO    ACC connection thread ContactExtension.commitContact()                       : Contact: #30 , #47 	00:03:14	00:05:45
[20260123-21:01:34-360] INFO    ACC connection thread DangerDetectionExtension.setYellowFlag()               : Yellow Flag nr.157 :#111	00:03:21	00:05:52	[Spin]
[20260123-21:01:34-767] INFO    ACC connection thread DangerDetectionExtension.setYellowFlag()               : Yellow Flag nr.158 :#30 	00:03:21	00:05:53	[Spin]
[20260123-21:01:36-513] INFO    ACC connection thread ContactExtension.commitContact()                       : Contact: #111, #32 	00:03:17	00:05:49
[20260123-21:01:36-514] INFO    ACC connection thread ContactExtension.matchYellowEvents()                   : 	matched flag nr.157	#111	+3.939s
[20260123-21:01:36-514] INFO    ACC connection thread ContactExtension.logYellowFlagContactInfo()            : 		#32 	61.15m
[20260123-21:01:39-403] INFO    ACC connection thread ContactExtension.commitContact()                       : Contact: #1  , #14 , #31 , #30 	00:03:20	00:05:51
[20260123-21:01:39-403] INFO    ACC connection thread ContactExtension.matchYellowEvents()                   : 	matched flag nr.158	#30 	+1.445s
[20260123-21:01:39-403] INFO    ACC connection thread ContactExtension.logYellowFlagContactInfo()            : 		#31 	-0.16m
[20260123-21:01:48-067] INFO    ACC connection thread DangerDetectionExtension.setYellowFlag()               : Yellow Flag nr.159 :#31 	00:03:35	00:06:06	[Spin]
[20260123-21:01:51-499] INFO    ACC connection thread DangerDetectionExtension.setYellowFlag()               : Yellow Flag nr.160 :#30 	00:03:38	00:06:10	[Spin]
[20260123-21:01:55-656] INFO    ACC connection thread ContactExtension.findOtherCars()                       : Contact: ?#31 		0.32m	00:03:36
[20260123-21:01:55-657] INFO    ACC connection thread ContactExtension.commitContact()                       : Contact: #30 , #31 	00:03:36	00:06:08
[20260123-21:01:55-657] INFO    ACC connection thread ContactExtension.matchYellowEvents()                   : 	matched flag nr.160	#30 	+1.966s
[20260123-21:01:55-657] INFO    ACC connection thread ContactExtension.logYellowFlagContactInfo()            : 		#31 	-160.33m
[20260123-21:02:08-065] INFO    ACC connection thread ContactExtension.commitContact()                       : Contact: #18 , #14 	00:03:49	00:06:20
[20260123-21:02:13-738] INFO    ACC connection thread LapTimeExtension.onLapComplete()                       : Lap completed: #477	1:59.040	[PB][SB]
[20260123-21:02:16-105] INFO    ACC connection thread DangerDetectionExtension.setYellowFlag()               : Yellow Flag nr.161 :#111	00:04:03	00:06:34	[Spin]
[20260123-21:02:17-047] INFO    ACC connection thread LapTimeExtension.onLapComplete()                       : Lap completed: #26 	2:00.132	
[20260123-21:02:19-037] INFO    ACC connection thread LapTimeExtension.onLapComplete()                       : Lap completed: #87 	2:00.225	
[20260123-21:02:24-842] INFO    ACC connection thread LapTimeExtension.onLapComplete()                       : Lap completed: #2  	2:00.660	[PB]
[20260123-21:02:28-283] INFO    ACC connection thread LapTimeExtension.onLapComplete()                       : Lap completed: #25 	2:02.002	[PB]
[20260123-21:02:28-922] INFO    ACC connection thread LapTimeExtension.onLapComplete()                       : Lap completed: #777	2:03.085	
[20260123-21:02:29-844] INFO    ACC connection thread LapTimeExtension.onLapComplete()                       : Lap completed: #17 	2:01.625	
[20260123-21:02:31-020] INFO    ACC connection thread DangerDetectionExtension.setYellowFlag()               : Yellow Flag nr.162 :#46 	00:04:18	00:06:49	[Spin]
[20260123-21:02:31-833] INFO    ACC connection thread LapTimeExtension.onLapComplete()                       : Lap completed: #33 	2:02.662	[PB]
[20260123-21:02:38-256] INFO    ACC connection thread LapTimeExtension.onLapComplete()                       : Lap completed: #47 	2:09.172	
[20260123-21:02:42-403] INFO    ACC connection thread LapTimeExtension.onLapComplete()                       : Lap completed: #30 	2:12.660	
[20260123-21:02:46-133] INFO    ACC connection thread LapTimeExtension.onLapComplete()                       : Lap completed: #188	2:07.230	
[20260123-21:02:46-768] INFO    ACC connection thread DangerDetectionExtension.setYellowFlag()               : Yellow Flag nr.163 :#99 	00:04:33	00:07:05	[Spin]
[20260123-21:02:47-176] INFO    ACC connection thread LapTimeExtension.onLapComplete()                       : Lap completed: #44 	2:19.062	
[20260123-21:02:49-123] INFO    ACC connection thread LapTimeExtension.onLapComplete()                       : Lap completed: #3  	2:08.487	
[20260123-21:02:50-565] INFO    ACC connection thread LapTimeExtension.onLapComplete()                       : Lap completed: #18 	2:12.265	
[20260123-21:02:51-493] INFO    ACC connection thread LapTimeExtension.onLapComplete()                       : Lap completed: #32 	2:15.482	
[20260123-21:02:52-556] INFO    ACC connection thread ContactExtension.commitContact()                       : Contact: #17 , #99 	00:04:33	00:07:05
[20260123-21:02:52-557] INFO    ACC connection thread ContactExtension.matchYellowEvents()                   : 	matched flag nr.163	#99 	+0.320s
[20260123-21:02:52-557] INFO    ACC connection thread ContactExtension.logYellowFlagContactInfo()            : 		#17 	173.16m
[20260123-21:02:52-646] INFO    ACC connection thread LapTimeExtension.onLapComplete()                       : Lap completed: #14 	2:17.985	
[20260123-21:02:52-747] INFO    ACC connection thread LapTimeExtension.onLapComplete()                       : Lap completed: #1  	2:16.562	
[20260123-21:02:52-957] INFO    ACC connection thread LapTimeExtension.onLapComplete()                       : Lap completed: #4  	2:09.140	
[20260123-21:02:55-363] INFO    ACC connection thread LapTimeExtension.onLapComplete()                       : Lap completed: #19 	2:06.822	[PB]
[20260123-21:03:02-847] INFO    ACC connection thread LapTimeExtension.onLapComplete()                       : Lap completed: #96 	2:18.492	[PB]
[20260123-21:03:05-138] INFO    ACC connection thread LapTimeExtension.onLapComplete()                       : Lap completed: #111	2:28.215	
[20260123-21:03:25-128] INFO    ACC connection thread DangerDetectionExtension.setYellowFlag()               : Yellow Flag nr.164 :#46 	00:05:12	00:07:43	[Spin]
[20260123-21:03:46-002] INFO    ACC connection thread ContactExtension.findOtherCars()                       : Contact: ?#19 		-1.27m	00:05:27
[20260123-21:03:46-003] INFO    ACC connection thread ContactExtension.commitContact()                       : Contact: #1  , #19 	00:05:27	00:07:58
[20260123-21:04:13-535] INFO    ACC connection thread LapTimeExtension.onLapComplete()                       : Lap completed: #477	1:59.785	
[20260123-21:04:17-805] INFO    ACC connection thread LapTimeExtension.onLapComplete()                       : Lap completed: #26 	2:00.742	[PB]
[20260123-21:04:18-442] INFO    ACC connection thread LapTimeExtension.onLapComplete()                       : Lap completed: #87 	1:59.422	[PB]
[20260123-21:04:22-116] INFO    ACC connection thread AccConnection.lambda$checkForDisconnects$0()           : Car disconnected: #14 	Matheus Souza | G2R
[20260123-21:04:25-546] INFO    ACC connection thread LapTimeExtension.onLapComplete()                       : Lap completed: #2  	2:00.702	
[20260123-21:04:29-414] INFO    ACC connection thread LapTimeExtension.onLapComplete()                       : Lap completed: #25 	2:01.200	
[20260123-21:04:30-144] INFO    ACC connection thread LapTimeExtension.onLapComplete()                       : Lap completed: #777	2:01.170	
[20260123-21:04:30-555] INFO    ACC connection thread LapTimeExtension.onLapComplete()                       : Lap completed: #46 	3:34.680	[Outlap]
[20260123-21:04:32-005] INFO    ACC connection thread LapTimeExtension.onLapComplete()                       : Lap completed: #17 	2:02.172	[PB]
[20260123-21:04:33-761] INFO    ACC connection thread LapTimeExtension.onLapComplete()                       : Lap completed: #33 	2:01.980	
[20260123-21:04:44-254] INFO    ACC connection thread LapTimeExtension.onLapComplete()                       : Lap completed: #47 	2:05.945	[PB]
[20260123-21:04:46-125] INFO    ACC connection thread LapTimeExtension.onLapComplete()                       : Lap completed: #99 	3:49.610	[Outlap]
[20260123-21:04:48-024] INFO    ACC connection thread DangerDetectionExtension.setYellowFlag()               : Yellow Flag nr.165 :#18 	00:06:35	00:09:06	[Spin]
[20260123-21:04:48-555] INFO    ACC connection thread DangerDetectionExtension.setYellowFlag()               : Yellow Flag nr.166 :#32 	00:06:35	00:09:07	[Spin]
[20260123-21:04:51-905] INFO    ACC connection thread DangerDetectionExtension.setYellowFlag()               : Yellow Flag nr.167 :#777	00:06:39	00:09:10	[Spin]
[20260123-21:04:51-906] INFO    ACC connection thread LapTimeExtension.onLapComplete()                       : Lap completed: #188	2:05.675	[PB]
[20260123-21:04:51-995] INFO    ACC connection thread LapTimeExtension.onLapComplete()                       : Lap completed: #3  	2:02.910	[PB]
[20260123-21:04:53-000] INFO    ACC connection thread LapTimeExtension.onLapComplete()                       : Lap completed: #44 	2:05.610	[PB]
[20260123-21:04:53-313] INFO    ACC connection thread ContactExtension.commitContact()                       : Contact: #18 , #32 	00:06:34	00:09:05
[20260123-21:04:53-314] INFO    ACC connection thread ContactExtension.matchYellowEvents()                   : 	matched flag nr.165	#18 	+0.856s
[20260123-21:04:53-315] INFO    ACC connection thread ContactExtension.logYellowFlagContactInfo()            : 		#32 	-3.17m
[20260123-21:04:53-315] INFO    ACC connection thread ContactExtension.matchYellowEvents()                   : 	matched flag nr.166	#32 	+1.386s
[20260123-21:04:53-315] INFO    ACC connection thread ContactExtension.logYellowFlagContactInfo()            : 		#18 	3.17m
[20260123-21:04:58-933] INFO    ACC connection thread LapTimeExtension.onLapComplete()                       : Lap completed: #30 	2:16.557	[Inlap]
[20260123-21:04:59-142] INFO    ACC connection thread LapTimeExtension.onLapComplete()                       : Lap completed: #4  	2:06.185	[PB]
[20260123-21:05:02-175] INFO    ACC connection thread LapTimeExtension.onLapComplete()                       : Lap completed: #19 	2:06.765	[PB]
[20260123-21:05:06-316] INFO    ACC connection thread LapTimeExtension.onLapComplete()                       : Lap completed: #1  	2:13.610	[PB]
[20260123-21:05:07-350] INFO    ACC connection thread LapTimeExtension.onLapComplete()                       : Lap completed: #14 	2:14.780	
[20260123-21:05:08-813] INFO    ACC connection thread LapTimeExtension.onLapComplete()                       : Lap completed: #18 	2:18.262	
[20260123-21:05:12-957] INFO    ACC connection thread LapTimeExtension.onLapComplete()                       : Lap completed: #32 	2:21.510	
[20260123-21:05:14-710] INFO    ACC connection thread LapTimeExtension.onLapComplete()                       : Lap completed: #111	2:09.540	
[20260123-21:05:15-952] INFO    ACC connection thread DangerDetectionExtension.setYellowFlag()               : Yellow Flag nr.168 :#3  	00:07:03	00:09:34	[Spin]
[20260123-21:05:16-162] INFO    ACC connection thread DangerDetectionExtension.setYellowFlag()               : Yellow Flag nr.169 :#44 	00:07:03	00:09:34	[Spin]
[20260123-21:05:20-456] INFO    ACC connection thread LapTimeExtension.onLapComplete()                       : Lap completed: #96 	2:17.555	
[20260123-21:05:21-487] INFO    ACC connection thread ContactExtension.commitContact()                       : Contact: #3  , #44 	00:07:02	00:09:34
[20260123-21:05:21-487] INFO    ACC connection thread ContactExtension.matchYellowEvents()                   : 	matched flag nr.168	#3  	+0.622s
[20260123-21:05:21-487] INFO    ACC connection thread ContactExtension.logYellowFlagContactInfo()            : 		#44 	-5.55m
[20260123-21:05:21-487] INFO    ACC connection thread ContactExtension.matchYellowEvents()                   : 	matched flag nr.169	#44 	+0.832s
[20260123-21:05:21-487] INFO    ACC connection thread ContactExtension.logYellowFlagContactInfo()            : 		#3  	5.55m
[20260123-21:05:57-277] INFO    ACC connection thread DangerDetectionExtension.setYellowFlag()               : Yellow Flag nr.170 :#18 	00:07:44	00:10:15	[Spin]
[20260123-21:06:01-579] INFO    ACC connection thread ContactExtension.commitContact()                       : Contact: #19 , #44 , #18 	00:07:42	00:10:14
[20260123-21:06:01-579] INFO    ACC connection thread ContactExtension.matchYellowEvents()                   : 	matched flag nr.170	#18 	+1.691s
[20260123-21:06:01-580] INFO    ACC connection thread ContactExtension.logYellowFlagContactInfo()            : 		#14 	98.56m
[20260123-21:06:12-624] INFO    ACC connection thread LapTimeExtension.onLapComplete()                       : Lap completed: #477	1:59.127	
[20260123-21:06:17-631] INFO    ACC connection thread LapTimeExtension.onLapComplete()                       : Lap completed: #26 	1:59.832	[PB]
[20260123-21:06:18-148] INFO    ACC connection thread LapTimeExtension.onLapComplete()                       : Lap completed: #87 	1:59.707	
[20260123-21:06:20-411] INFO    ACC connection thread DangerDetectionExtension.setYellowFlag()               : Yellow Flag nr.171 :#99 	00:08:07	00:10:39	[Spin]
[20260123-21:06:25-369] INFO    ACC connection thread LapTimeExtension.onLapComplete()                       : Lap completed: #2  	1:59.792	[PB]
[20260123-21:06:30-794] INFO    ACC connection thread LapTimeExtension.onLapComplete()                       : Lap completed: #25 	2:01.267	
[20260123-21:06:33-992] INFO    ACC connection thread LapTimeExtension.onLapComplete()                       : Lap completed: #17 	2:01.952	[PB]
[20260123-21:06:35-971] INFO    ACC connection thread LapTimeExtension.onLapComplete()                       : Lap completed: #33 	2:02.082	[PB]
[20260123-21:06:40-097] INFO    ACC connection thread LapTimeExtension.onLapComplete()                       : Lap completed: #777	2:09.947	
[20260123-21:06:44-990] INFO    ACC connection thread LapTimeExtension.onLapComplete()                       : Lap completed: #46 	2:14.347	
[20260123-21:06:49-347] INFO    ACC connection thread LapTimeExtension.onLapComplete()                       : Lap completed: #99 	2:03.240	
[20260123-21:06:50-085] INFO    ACC connection thread LapTimeExtension.onLapComplete()                       : Lap completed: #47 	2:05.740	[PB]
[20260123-21:06:51-242] INFO    ACC connection thread DangerDetectionExtension.setYellowFlag()               : Yellow Flag nr.172 :#46 	00:08:38	00:11:09	[Spin]
[20260123-21:06:56-885] INFO    ACC connection thread LapTimeExtension.onLapComplete()                       : Lap completed: #188	2:04.995	[PB]
[20260123-21:07:04-361] INFO    ACC connection thread LapTimeExtension.onLapComplete()                       : Lap completed: #4  	2:05.202	[PB]
[20260123-21:07:06-442] INFO    ACC connection thread LapTimeExtension.onLapComplete()                       : Lap completed: #44 	2:13.540	
[20260123-21:07:09-879] INFO    ACC connection thread LapTimeExtension.onLapComplete()                       : Lap completed: #19 	2:07.612	
[20260123-21:07:21-126] INFO    ACC connection thread LapTimeExtension.onLapComplete()                       : Lap completed: #1  	2:14.700	
[20260123-21:07:22-193] INFO    ACC connection thread LapTimeExtension.onLapComplete()                       : Lap completed: #32 	2:09.182	
[20260123-21:07:22-720] INFO    ACC connection thread LapTimeExtension.onLapComplete()                       : Lap completed: #14 	2:15.405	[PB]
[20260123-21:07:22-721] INFO    ACC connection thread LapTimeExtension.onLapComplete()                       : Lap completed: #111	2:08.007	[PB]
[20260123-21:07:25-128] INFO    ACC connection thread LapTimeExtension.onLapComplete()                       : Lap completed: #31 	6:54.132	[Outlap]
[20260123-21:07:29-895] INFO    ACC connection thread LapTimeExtension.onLapComplete()                       : Lap completed: #18 	2:21.117	
[20260123-21:07:35-182] INFO    ACC connection thread LapTimeExtension.onLapComplete()                       : Lap completed: #96 	2:14.812	[PB]
[20260123-21:07:44-214] INFO    ACC connection thread DangerDetectionExtension.setYellowFlag()               : Yellow Flag nr.173 :#31 	00:09:31	00:12:02	[Spin]
[20260123-21:07:48-698] INFO    ACC connection thread DangerDetectionExtension.setYellowFlag()               : Yellow Flag nr.174 :#32 	00:09:35	00:12:07	[Spin]
[20260123-21:07:49-337] INFO    ACC connection thread DangerDetectionExtension.setYellowFlag()               : Yellow Flag nr.175 :#46 	00:09:36	00:12:07	[Spin]
[20260123-21:07:52-692] INFO    ACC connection thread AccConnection.lambda$checkForDisconnects$0()           : Car disconnected: #31 	Fabio Matheus
[20260123-21:07:55-997] INFO    ACC connection thread ContactExtension.findOtherCars()                       : Contact: ?#14 		3.33m	00:09:37
[20260123-21:07:55-997] INFO    ACC connection thread ContactExtension.commitContact()                       : Contact: #111, #14 	00:09:37	00:12:08
[20260123-21:07:58-749] INFO    ACC connection thread ContactExtension.commitYellowFlagContact()             : Possible contact for yellow nr.174
[20260123-21:07:58-749] INFO    ACC connection thread ContactExtension.commitYellowFlagContact()             : 		#32 	-
[20260123-21:07:58-749] INFO    ACC connection thread ContactExtension.logYellowFlagContactInfo()            : 		#1  	-4.59m
[20260123-21:07:58-749] INFO    ACC connection thread ContactExtension.commitContact()                       : Contact: #32 , #1  	00:09:35	00:12:07
[20260123-21:07:58-749] INFO    ACC connection thread ContactExtension.matchYellowEvents()                   : 	matched flag nr.174	#32 	+0.000s
[20260123-21:07:58-750] INFO    ACC connection thread ContactExtension.logYellowFlagContactInfo()            : 		#1  	-4.59m
[20260123-21:08:11-915] INFO    ACC connection thread LapTimeExtension.onLapComplete()                       : Lap completed: #477	1:59.275	
[20260123-21:08:17-408] INFO    ACC connection thread LapTimeExtension.onLapComplete()                       : Lap completed: #26 	1:59.775	[PB]
[20260123-21:08:22-192] INFO    ACC connection thread LapTimeExtension.onLapComplete()                       : Lap completed: #87 	2:04.062	[Inlap]
[20260123-21:08:24-813] INFO    ACC connection thread LapTimeExtension.onLapComplete()                       : Lap completed: #2  	1:59.447	[PB]
[20260123-21:08:28-324] INFO    ACC connection thread DangerDetectionExtension.setYellowFlag()               : Yellow Flag nr.176 :#30 	00:10:15	00:12:46	[Spin]
[20260123-21:08:35-418] INFO    ACC connection thread LapTimeExtension.onLapComplete()                       : Lap completed: #17 	2:01.070	
[20260123-21:08:37-745] INFO    ACC connection thread LapTimeExtension.onLapComplete()                       : Lap completed: #25 	2:06.970	[Inlap]
[20260123-21:08:38-267] INFO    ACC connection thread LapTimeExtension.onLapComplete()                       : Lap completed: #33 	2:02.372	
[20260123-21:08:40-677] INFO    ACC connection thread LapTimeExtension.onLapComplete()                       : Lap completed: #777	2:00.585	[PB]
[20260123-21:08:49-845] INFO    ACC connection thread LapTimeExtension.onLapComplete()                       : Lap completed: #30 	3:50.957	[Outlap]
[20260123-21:08:51-501] INFO    ACC connection thread LapTimeExtension.onLapComplete()                       : Lap completed: #99 	2:02.175	[PB]
[20260123-21:08:53-338] INFO    ACC connection thread LapTimeExtension.onLapComplete()                       : Lap completed: #47 	2:03.305	[PB]
[20260123-21:08:56-894] INFO    ACC connection thread LapTimeExtension.onLapComplete()                       : Lap completed: #46 	2:12.002	[PB]
[20260123-21:09:01-918] INFO    ACC connection thread LapTimeExtension.onLapComplete()                       : Lap completed: #188	2:05.062	
[20260123-21:09:07-943] INFO    ACC connection thread LapTimeExtension.onLapComplete()                       : Lap completed: #4  	2:03.632	[PB]
[20260123-21:09:11-700] INFO    ACC connection thread LapTimeExtension.onLapComplete()                       : Lap completed: #44 	2:05.220	[PB]
[20260123-21:09:17-921] INFO    ACC connection thread LapTimeExtension.onLapComplete()                       : Lap completed: #19 	2:08.090	[Inlap]
[20260123-21:09:30-100] INFO    ACC connection thread DangerDetectionExtension.setYellowFlag()               : Yellow Flag nr.177 :#14 	00:11:17	00:13:48	[Spin]
[20260123-21:09:30-935] INFO    ACC connection thread LapTimeExtension.onLapComplete()                       : Lap completed: #32 	2:08.742	
[20260123-21:09:34-530] INFO    ACC connection thread LapTimeExtension.onLapComplete()                       : Lap completed: #111	2:11.830	
[20260123-21:09:35-677] INFO    ACC connection thread LapTimeExtension.onLapComplete()                       : Lap completed: #1  	2:14.660	
[20260123-21:09:43-938] INFO    ACC connection thread LapTimeExtension.onLapComplete()                       : Lap completed: #14 	2:21.210	[Inlap]
[20260123-21:09:53-986] INFO    ACC connection thread LapTimeExtension.onLapComplete()                       : Lap completed: #18 	2:24.035	[Inlap]
[20260123-21:10:05-184] INFO    ACC connection thread LapTimeExtension.onLapComplete()                       : Lap completed: #96 	2:29.987	[Inlap]
[20260123-21:10:11-160] INFO    ACC connection thread LapTimeExtension.onLapComplete()                       : Lap completed: #477	1:59.227	
[20260123-21:10:11-479] INFO    ACC connection thread DangerDetectionExtension.setYellowFlag()               : Yellow Flag nr.178 :#46 	00:11:58	00:14:30	[Spin]
[20260123-21:10:16-964] INFO    ACC connection thread LapTimeExtension.onLapComplete()                       : Lap completed: #26 	1:59.507	[PB]
[20260123-21:10:17-500] INFO    ACC connection thread DangerDetectionExtension.setYellowFlag()               : Yellow Flag nr.179 :#188	00:12:04	00:14:36	[Spin]
[20260123-21:10:24-708] INFO    ACC connection thread LapTimeExtension.onLapComplete()                       : Lap completed: #2  	1:59.837	
[20260123-21:10:35-968] INFO    ACC connection thread LapTimeExtension.onLapComplete()                       : Lap completed: #17 	2:00.975	
[20260123-21:10:42-661] INFO    ACC connection thread LapTimeExtension.onLapComplete()                       : Lap completed: #777	2:02.045	
[20260123-21:10:43-604] INFO    ACC connection thread LapTimeExtension.onLapComplete()                       : Lap completed: #33 	2:05.397	
[20260123-21:10:51-014] INFO    ACC connection thread LapTimeExtension.onLapComplete()                       : Lap completed: #87 	2:28.827	[Outlap]
[20260123-21:10:52-504] INFO    ACC connection thread LapTimeExtension.onLapComplete()                       : Lap completed: #99 	2:00.997	
[20260123-21:10:57-993] INFO    ACC connection thread LapTimeExtension.onLapComplete()                       : Lap completed: #47 	2:04.635	
[20260123-21:11:00-127] INFO    ACC connection thread DangerDetectionExtension.setYellowFlag()               : Yellow Flag nr.180 :#111	00:12:47	00:15:18	[Spin]
[20260123-21:11:01-507] INFO    ACC connection thread LapTimeExtension.onLapComplete()                       : Lap completed: #30 	2:11.607	[PB]
[20260123-21:11:07-763] INFO    ACC connection thread LapTimeExtension.onLapComplete()                       : Lap completed: #25 	2:30.032	[Outlap]
[20260123-21:11:13-416] INFO    ACC connection thread LapTimeExtension.onLapComplete()                       : Lap completed: #4  	2:05.485	
[20260123-21:11:14-165] INFO    ACC connection thread LapTimeExtension.onLapComplete()                       : Lap completed: #188	2:12.312	
[20260123-21:11:16-179] INFO    ACC connection thread LapTimeExtension.onLapComplete()                       : Lap completed: #46 	2:19.307	
[20260123-21:11:17-660] INFO    ACC connection thread LapTimeExtension.onLapComplete()                       : Lap completed: #44 	2:05.890	
[20260123-21:11:24-396] INFO    ACC connection thread DangerDetectionExtension.setYellowFlag()               : Yellow Flag nr.181 :#46 	00:13:11	00:15:43	[Spin]
[20260123-21:11:36-041] INFO    ACC connection thread LapTimeExtension.onLapComplete()                       : Lap completed: #32 	2:05.190	
[20260123-21:11:45-300] INFO    ACC connection thread LapTimeExtension.onLapComplete()                       : Lap completed: #111	2:10.780	
[20260123-21:11:50-189] INFO    ACC connection thread DangerDetectionExtension.setYellowFlag()               : Yellow Flag nr.182 :#47 	00:13:37	00:16:08	[Spin]
[20260123-21:11:53-378] INFO    ACC connection thread DangerDetectionExtension.setYellowFlag()               : Yellow Flag nr.183 :#19 	00:13:40	00:16:11	[Spin]
[20260123-21:11:54-563] INFO    ACC connection thread LapTimeExtension.onLapComplete()                       : Lap completed: #1  	2:18.840	[Inlap]
[20260123-21:12:04-388] INFO    ACC connection thread DangerDetectionExtension.setYellowFlag()               : Yellow Flag nr.184 :#111	00:13:51	00:16:23	[Spin]
[20260123-21:12:10-712] INFO    ACC connection thread LapTimeExtension.onLapComplete()                       : Lap completed: #477	1:59.550	
[20260123-21:12:16-308] INFO    ACC connection thread LapTimeExtension.onLapComplete()                       : Lap completed: #26 	1:59.390	[PB]
[20260123-21:12:23-917] INFO    ACC connection thread LapTimeExtension.onLapComplete()                       : Lap completed: #2  	1:59.267	[PB]
[20260123-21:12:38-123] INFO    ACC connection thread LapTimeExtension.onLapComplete()                       : Lap completed: #17 	2:02.142	
[20260123-21:12:38-650] INFO    ACC connection thread LapTimeExtension.onLapComplete()                       : Lap completed: #19 	3:20.725	[Outlap]
[20260123-21:12:47-741] INFO    ACC connection thread LapTimeExtension.onLapComplete()                       : Lap completed: #33 	2:04.040	
[20260123-21:12:48-693] INFO    ACC connection thread LapTimeExtension.onLapComplete()                       : Lap completed: #777	2:05.952	[Inlap]
[20260123-21:12:50-285] INFO    ACC connection thread LapTimeExtension.onLapComplete()                       : Lap completed: #87 	1:59.162	[PB]
[20260123-21:12:54-840] INFO    ACC connection thread LapTimeExtension.onLapComplete()                       : Lap completed: #99 	2:02.252	
[20260123-21:13:04-475] INFO    ACC connection thread LapTimeExtension.onLapComplete()                       : Lap completed: #14 	3:20.570	[Outlap]
[20260123-21:13:04-582] INFO    ACC connection thread LapTimeExtension.onLapComplete()                       : Lap completed: #47 	2:06.632	
[20260123-21:13:07-885] INFO    ACC connection thread LapTimeExtension.onLapComplete()                       : Lap completed: #30 	2:06.387	
[20260123-21:13:10-115] INFO    ACC connection thread DangerDetectionExtension.setYellowFlag()               : Yellow Flag nr.185 :#46 	00:14:57	00:17:28	[Spin]
[20260123-21:13:10-116] INFO    ACC connection thread LapTimeExtension.onLapComplete()                       : Lap completed: #25 	2:02.300	
[20260123-21:13:10-648] INFO    ACC connection thread LapTimeExtension.onLapComplete()                       : Lap completed: #18 	3:16.635	[Outlap]
[20260123-21:13:16-817] INFO    ACC connection thread LapTimeExtension.onLapComplete()                       : Lap completed: #4  	2:03.327	[PB]
[20260123-21:13:19-692] INFO    ACC connection thread LapTimeExtension.onLapComplete()                       : Lap completed: #188	2:05.477	
[20260123-21:13:22-565] INFO    ACC connection thread LapTimeExtension.onLapComplete()                       : Lap completed: #44 	2:04.947	
[20260123-21:13:32-627] INFO    ACC connection thread LapTimeExtension.onLapComplete()                       : Lap completed: #96 	3:27.327	[Outlap]
[20260123-21:13:40-869] INFO    ACC connection thread LapTimeExtension.onLapComplete()                       : Lap completed: #46 	2:24.630	
[20260123-21:13:48-140] INFO    ACC connection thread LapTimeExtension.onLapComplete()                       : Lap completed: #32 	2:12.102	[Inlap]
[20260123-21:13:55-047] INFO    ACC connection thread LapTimeExtension.onLapComplete()                       : Lap completed: #111	2:09.697	
[20260123-21:13:58-846] INFO    ACC connection thread DangerDetectionExtension.setYellowFlag()               : Yellow Flag nr.186 :#33 	00:15:45	00:18:17	[Spin]
[20260123-21:13:58-955] INFO    ACC connection thread DangerDetectionExtension.setYellowFlag()               : Yellow Flag nr.187 :#87 	00:15:46	00:18:17	[Spin]
[20260123-21:14:04-780] INFO    ACC connection thread ContactExtension.commitContact()                       : Contact: #33 , #87 	00:15:45	00:18:17
[20260123-21:14:04-781] INFO    ACC connection thread ContactExtension.matchYellowEvents()                   : 	matched flag nr.186	#33 	+0.110s
[20260123-21:14:04-781] INFO    ACC connection thread ContactExtension.logYellowFlagContactInfo()            : 		#87 	-175.54m
[20260123-21:14:04-781] INFO    ACC connection thread ContactExtension.matchYellowEvents()                   : 	matched flag nr.187	#87 	+0.218s
[20260123-21:14:04-781] INFO    ACC connection thread ContactExtension.logYellowFlagContactInfo()            : 		#33 	175.54m
[20260123-21:14:10-387] INFO    ACC connection thread LapTimeExtension.onLapComplete()                       : Lap completed: #477	1:59.665	
[20260123-21:14:16-746] INFO    ACC connection thread LapTimeExtension.onLapComplete()                       : Lap completed: #26 	2:00.355	
[20260123-21:14:23-751] INFO    ACC connection thread LapTimeExtension.onLapComplete()                       : Lap completed: #2  	1:59.850	
[20260123-21:14:44-272] INFO    ACC connection thread LapTimeExtension.onLapComplete()                       : Lap completed: #19 	2:05.592	
[20260123-21:14:48-916] INFO    ACC connection thread LapTimeExtension.onLapComplete()                       : Lap completed: #17 	2:10.695	[Inlap]
[20260123-21:14:57-694] INFO    ACC connection thread LapTimeExtension.onLapComplete()                       : Lap completed: #33 	2:09.967	[Inlap]
[20260123-21:14:58-011] INFO    ACC connection thread DangerDetectionExtension.setYellowFlag()               : Yellow Flag nr.188 :#46 	00:16:45	00:19:16	[Spin]
[20260123-21:14:58-632] INFO    ACC connection thread LapTimeExtension.onLapComplete()                       : Lap completed: #99 	2:03.780	
[20260123-21:15:04-189] INFO    ACC connection thread LapTimeExtension.onLapComplete()                       : Lap completed: #87 	2:13.897	
[20260123-21:15:06-432] INFO    ACC connection thread LapTimeExtension.onLapComplete()                       : Lap completed: #1  	3:11.892	[Outlap]
[20260123-21:15:09-489] INFO    ACC connection thread DangerDetectionExtension.setYellowFlag()               : Yellow Flag nr.189 :#46 	00:16:56	00:19:28	[Spin]
[20260123-21:15:10-974] INFO    ACC connection thread LapTimeExtension.onLapComplete()                       : Lap completed: #47 	2:06.315	
[20260123-21:15:14-076] INFO    ACC connection thread LapTimeExtension.onLapComplete()                       : Lap completed: #25 	2:04.030	
[20260123-21:15:16-090] INFO    ACC connection thread LapTimeExtension.onLapComplete()                       : Lap completed: #30 	2:08.162	
[20260123-21:15:18-010] INFO    ACC connection thread LapTimeExtension.onLapComplete()                       : Lap completed: #18 	2:07.415	[PB]
[20260123-21:15:18-010] INFO    ACC connection thread LapTimeExtension.onLapComplete()                       : Lap completed: #14 	2:13.482	[PB]
[20260123-21:15:21-825] INFO    ACC connection thread LapTimeExtension.onLapComplete()                       : Lap completed: #4  	2:05.005	
[20260123-21:15:25-035] INFO    ACC connection thread LapTimeExtension.onLapComplete()                       : Lap completed: #188	2:05.152	
[20260123-21:15:33-711] INFO    ACC connection thread DangerDetectionExtension.setYellowFlag()               : Yellow Flag nr.190 :#111	00:17:20	00:19:52	[Spin]
[20260123-21:15:42-819] INFO    ACC connection thread LapTimeExtension.onLapComplete()                       : Lap completed: #44 	2:20.237	[Inlap]
[20260123-21:15:47-390] INFO    ACC connection thread LapTimeExtension.onLapComplete()                       : Lap completed: #96 	2:14.832	
[20260123-21:15:55-740] INFO    ACC connection thread LapTimeExtension.onLapComplete()                       : Lap completed: #46 	2:14.912	
[20260123-21:16:08-157] INFO    ACC connection thread LapTimeExtension.onLapComplete()                       : Lap completed: #111	2:13.087	
[20260123-21:16:09-628] INFO    ACC connection thread LapTimeExtension.onLapComplete()                       : Lap completed: #477	1:59.255	
[20260123-21:16:16-691] INFO    ACC connection thread LapTimeExtension.onLapComplete()                       : Lap completed: #26 	2:00.007	
[20260123-21:16:30-625] INFO    ACC connection thread LapTimeExtension.onLapComplete()                       : Lap completed: #2  	2:06.810	[Inlap]
[20260123-21:16:30-943] INFO    ACC connection thread DangerDetectionExtension.setYellowFlag()               : Yellow Flag nr.191 :#111	00:18:18	00:20:49	[Spin]
[20260123-21:16:37-920] INFO    ACC connection thread DangerDetectionExtension.setYellowFlag()               : Yellow Flag nr.192 :#111	00:18:25	00:20:56	[Spin]
[20260123-21:16:41-617] INFO    ACC connection thread DangerDetectionExtension.setYellowFlag()               : Yellow Flag nr.193 :#26 	00:18:28	00:21:00	[Spin]
[20260123-21:16:47-471] INFO    ACC connection thread LapTimeExtension.onLapComplete()                       : Lap completed: #19 	2:03.280	[PB]
[20260123-21:16:47-576] INFO    ACC connection thread ContactExtension.commitContact()                       : Contact: #26 , #111	00:18:28	00:21:00
[20260123-21:16:47-577] INFO    ACC connection thread ContactExtension.matchYellowEvents()                   : 	matched flag nr.193	#26 	+0.102s
[20260123-21:16:47-577] INFO    ACC connection thread ContactExtension.logYellowFlagContactInfo()            : 		#111	-10.14m
[20260123-21:17:00-923] INFO    ACC connection thread LapTimeExtension.onLapComplete()                       : Lap completed: #99 	2:02.302	
[20260123-21:17:03-531] INFO    ACC connection thread LapTimeExtension.onLapComplete()                       : Lap completed: #87 	1:59.387	
[20260123-21:17:11-119] INFO    ACC connection thread LapTimeExtension.onLapComplete()                       : Lap completed: #32 	3:22.957	[Outlap]
[20260123-21:17:15-106] INFO    ACC connection thread LapTimeExtension.onLapComplete()                       : Lap completed: #47 	2:04.162	
[20260123-21:17:16-297] INFO    ACC connection thread LapTimeExtension.onLapComplete()                       : Lap completed: #25 	2:02.135	
[20260123-21:17:20-400] INFO    ACC connection thread LapTimeExtension.onLapComplete()                       : Lap completed: #1  	2:13.892	
[20260123-21:17:23-114] INFO    ACC connection thread LapTimeExtension.onLapComplete()                       : Lap completed: #30 	2:07.010	
[20260123-21:17:25-252] INFO    ACC connection thread LapTimeExtension.onLapComplete()                       : Lap completed: #18 	2:07.265	
[20260123-21:17:29-715] INFO    ACC connection thread LapTimeExtension.onLapComplete()                       : Lap completed: #188	2:04.890	
[20260123-21:17:32-206] INFO    ACC connection thread LapTimeExtension.onLapComplete()                       : Lap completed: #14 	2:14.142	
[20260123-21:17:35-913] INFO    ACC connection thread LapTimeExtension.onLapComplete()                       : Lap completed: #4  	2:14.075	[Inlap]
[20260123-21:17:45-127] INFO    ACC connection thread DangerDetectionExtension.setYellowFlag()               : Yellow Flag nr.194 :#18 	00:19:32	00:22:03	[Spin]
[20260123-21:17:53-796] INFO    ACC connection thread LapTimeExtension.onLapComplete()                       : Lap completed: #17 	3:04.962	[Outlap]
[20260123-21:18:02-653] INFO    ACC connection thread LapTimeExtension.onLapComplete()                       : Lap completed: #96 	2:15.222	
[20260123-21:18:04-022] INFO    ACC connection thread LapTimeExtension.onLapComplete()                       : Lap completed: #46 	2:08.217	
[20260123-21:18:09-763] INFO    ACC connection thread LapTimeExtension.onLapComplete()                       : Lap completed: #477	2:00.125	
[20260123-21:18:13-317] INFO    ACC connection thread LapTimeExtension.onLapComplete()                       : Lap completed: #33 	3:15.622	[Outlap]
[20260123-21:18:23-102] INFO    ACC connection thread LapTimeExtension.onLapComplete()                       : Lap completed: #26 	2:06.455	
[20260123-21:18:33-620] INFO    ACC connection thread DangerDetectionExtension.setYellowFlag()               : Yellow Flag nr.195 :#32 	00:20:20	00:22:52	[Spin]
[20260123-21:18:36-403] INFO    ACC connection thread DangerDetectionExtension.setYellowFlag()               : Yellow Flag nr.196 :#44 	00:20:23	00:22:55	[Spin]
[20260123-21:18:38-692] INFO    ACC connection thread ContactExtension.findOtherCars()                       : Contact: ?#44 		-3.80m	00:20:19
[20260123-21:18:38-692] INFO    ACC connection thread ContactExtension.commitContact()                       : Contact: #32 , #44 	00:20:19	00:22:51
[20260123-21:18:38-693] INFO    ACC connection thread ContactExtension.matchYellowEvents()                   : 	matched flag nr.195	#32 	+1.045s
[20260123-21:18:38-693] INFO    ACC connection thread ContactExtension.logYellowFlagContactInfo()            : 		#44 	42.62m
[20260123-21:18:38-693] INFO    ACC connection thread ContactExtension.matchYellowEvents()                   : 	matched flag nr.196	#44 	+3.828s
[20260123-21:18:38-693] INFO    ACC connection thread ContactExtension.logYellowFlagContactInfo()            : 		#47 	49.43m
[20260123-21:18:46-819] INFO    ACC connection thread DangerDetectionExtension.setYellowFlag()               : Yellow Flag nr.197 :#32 	00:20:33	00:23:05	[Spin]
[20260123-21:18:50-722] INFO    ACC connection thread LapTimeExtension.onLapComplete()                       : Lap completed: #19 	2:03.270	[PB]
[20260123-21:18:59-358] INFO    ACC connection thread DangerDetectionExtension.setYellowFlag()               : Yellow Flag nr.198 :#46 	00:20:46	00:23:17	[Spin]
[20260123-21:19:00-340] INFO    ACC connection thread LapTimeExtension.onLapComplete()                       : Lap completed: #2  	2:29.740	[Outlap]
[20260123-21:19:01-647] INFO    ACC connection thread LapTimeExtension.onLapComplete()                       : Lap completed: #99 	2:00.732	[PB]
[20260123-21:19:03-190] INFO    ACC connection thread LapTimeExtension.onLapComplete()                       : Lap completed: #87 	1:59.695	
[20260123-21:19:17-637] INFO    ACC connection thread LapTimeExtension.onLapComplete()                       : Lap completed: #47 	2:02.520	[PB]
[20260123-21:19:18-149] INFO    ACC connection thread LapTimeExtension.onLapComplete()                       : Lap completed: #25 	2:01.990	
[20260123-21:19:21-170] INFO    ACC connection thread LapTimeExtension.onLapComplete()                       : Lap completed: #44 	3:38.390	[Outlap]
[20260123-21:19:30-405] INFO    ACC connection thread LapTimeExtension.onLapComplete()                       : Lap completed: #30 	2:07.350	
[20260123-21:19:31-339] INFO    ACC connection thread DangerDetectionExtension.setYellowFlag()               : Yellow Flag nr.199 :#46 	00:21:18	00:23:49	[Spin]
[20260123-21:19:33-455] INFO    ACC connection thread LapTimeExtension.onLapComplete()                       : Lap completed: #1  	2:13.130	[PB]
[20260123-21:19:34-899] INFO    ACC connection thread LapTimeExtension.onLapComplete()                       : Lap completed: #188	2:05.165	
[20260123-21:19:42-105] INFO    ACC connection thread LapTimeExtension.onLapComplete()                       : Lap completed: #18 	2:16.805	
[20260123-21:19:45-772] INFO    ACC connection thread LapTimeExtension.onLapComplete()                       : Lap completed: #14 	2:13.587	
[20260123-21:19:49-458] INFO    ACC connection thread DangerDetectionExtension.setYellowFlag()               : Yellow Flag nr.200 :#47 	00:21:36	00:24:08	[Spin]
[20260123-21:19:54-768] INFO    ACC connection thread LapTimeExtension.onLapComplete()                       : Lap completed: #17 	2:00.927	[PB]
[20260123-21:20:09-525] INFO    ACC connection thread LapTimeExtension.onLapComplete()                       : Lap completed: #477	1:59.735	
[20260123-21:20:16-115] INFO    ACC connection thread LapTimeExtension.onLapComplete()                       : Lap completed: #33 	2:02.857	
[20260123-21:20:19-722] INFO    ACC connection thread LapTimeExtension.onLapComplete()                       : Lap completed: #46 	2:15.772	
[20260123-21:20:22-448] INFO    ACC connection thread LapTimeExtension.onLapComplete()                       : Lap completed: #96 	2:19.847	
[20260123-21:20:24-934] INFO    ACC connection thread LapTimeExtension.onLapComplete()                       : Lap completed: #26 	2:01.832	
[20260123-21:20:25-248] INFO    ACC connection thread DangerDetectionExtension.setYellowFlag()               : Yellow Flag nr.201 :#46 	00:22:12	00:24:43	[Spin]
[20260123-21:20:37-533] INFO    ACC connection thread DangerDetectionExtension.setYellowFlag()               : Yellow Flag nr.202 :#188	00:22:24	00:24:56	[Spin]
[20260123-21:20:40-515] INFO    ACC connection thread DangerDetectionExtension.setYellowFlag()               : Yellow Flag nr.203 :#25 	00:22:27	00:24:59	[Spin]
[20260123-21:20:55-839] INFO    ACC connection thread LapTimeExtension.onLapComplete()                       : Lap completed: #19 	2:05.065	
[20260123-21:20:59-944] INFO    ACC connection thread LapTimeExtension.onLapComplete()                       : Lap completed: #2  	1:59.617	
[20260123-21:21:02-739] INFO    ACC connection thread LapTimeExtension.onLapComplete()                       : Lap completed: #87 	1:59.562	
[20260123-21:21:03-775] INFO    ACC connection thread LapTimeExtension.onLapComplete()                       : Lap completed: #99 	2:02.185	
[20260123-21:21:12-786] INFO    ACC connection thread LapTimeExtension.onLapComplete()                       : Lap completed: #4  	3:36.967	[Outlap]
[20260123-21:21:22-588] INFO    ACC connection thread LapTimeExtension.onLapComplete()                       : Lap completed: #47 	2:04.935	
[20260123-21:21:25-896] INFO    ACC connection thread DangerDetectionExtension.setYellowFlag()               : Yellow Flag nr.204 :#46 	00:23:13	00:25:44	[Spin]
[20260123-21:21:25-897] INFO    ACC connection thread LapTimeExtension.onLapComplete()                       : Lap completed: #44 	2:04.732	[PB]
[20260123-21:21:29-761] INFO    ACC connection thread LapTimeExtension.onLapComplete()                       : Lap completed: #25 	2:11.615	
[20260123-21:21:36-879] INFO    ACC connection thread LapTimeExtension.onLapComplete()                       : Lap completed: #30 	2:06.477	
[20260123-21:21:44-896] INFO    ACC connection thread DangerDetectionExtension.setYellowFlag()               : Yellow Flag nr.205 :#46 	00:23:32	00:26:03	[Spin]
[20260123-21:21:47-696] INFO    ACC connection thread LapTimeExtension.onLapComplete()                       : Lap completed: #1  	2:14.242	
[20260123-21:21:48-005] INFO    ACC connection thread LapTimeExtension.onLapComplete()                       : Lap completed: #188	2:13.160	
[20260123-21:21:50-395] INFO    ACC connection thread LapTimeExtension.onLapComplete()                       : Lap completed: #18 	2:08.377	
[20260123-21:21:51-023] INFO    ACC connection thread LapTimeExtension.onLapComplete()                       : Lap completed: #32 	2:14.760	[Inlap]
[20260123-21:21:55-761] INFO    ACC connection thread LapTimeExtension.onLapComplete()                       : Lap completed: #17 	2:01.042	
[20260123-21:21:59-146] INFO    ACC connection thread LapTimeExtension.onLapComplete()                       : Lap completed: #14 	2:13.415	[PB]
[20260123-21:22:16-303] INFO    ACC connection thread LapTimeExtension.onLapComplete()                       : Lap completed: #477	2:06.852	[Inlap]
[20260123-21:22:20-683] INFO    ACC connection thread LapTimeExtension.onLapComplete()                       : Lap completed: #33 	2:04.550	
[20260123-21:22:32-067] INFO    ACC connection thread LapTimeExtension.onLapComplete()                       : Lap completed: #26 	2:07.062	[Inlap]
[20260123-21:22:39-756] INFO    ACC connection thread LapTimeExtension.onLapComplete()                       : Lap completed: #96 	2:17.275	
[20260123-21:22:51-947] INFO    ACC connection thread DangerDetectionExtension.setYellowFlag()               : Yellow Flag nr.206 :#19 	00:24:39	00:27:10	[Spin]
[20260123-21:22:52-555] INFO    ACC connection thread DangerDetectionExtension.setYellowFlag()               : Yellow Flag nr.207 :#2  	00:24:39	00:27:11	[Spin]
[20260123-21:22:53-489] INFO    ACC connection thread LapTimeExtension.onLapComplete()                       : Lap completed: #46 	2:33.720	
[20260123-21:22:57-100] INFO    ACC connection thread ContactExtension.commitContact()                       : Contact: #19 , #2  	00:24:38	00:27:09
[20260123-21:22:57-101] INFO    ACC connection thread ContactExtension.matchYellowEvents()                   : 	matched flag nr.206	#19 	+0.833s
[20260123-21:22:57-101] INFO    ACC connection thread ContactExtension.logYellowFlagContactInfo()            : 		#2  	-74.64m
[20260123-21:22:57-101] INFO    ACC connection thread ContactExtension.matchYellowEvents()                   : 	matched flag nr.207	#2  	+1.446s
[20260123-21:22:57-101] INFO    ACC connection thread ContactExtension.logYellowFlagContactInfo()            : 		#19 	74.64m
[20260123-21:22:59-726] INFO    ACC connection thread DangerDetectionExtension.setYellowFlag()               : Yellow Flag nr.208 :#46 	00:24:46	00:27:18	[Spin]
[20260123-21:23:02-526] INFO    ACC connection thread LapTimeExtension.onLapComplete()                       : Lap completed: #87 	1:59.757	
[20260123-21:23:04-811] INFO    ACC connection thread LapTimeExtension.onLapComplete()                       : Lap completed: #19 	2:08.970	
[20260123-21:23:05-569] INFO    ACC connection thread LapTimeExtension.onLapComplete()                       : Lap completed: #2  	2:05.615	
[20260123-21:23:05-570] INFO    ACC connection thread LapTimeExtension.onLapComplete()                       : Lap completed: #99 	2:01.707	
[20260123-21:23:09-449] INFO    ACC connection thread DangerDetectionExtension.setYellowFlag()               : Yellow Flag nr.209 :#1  	00:24:56	00:27:28	[Spin]
[20260123-21:23:15-179] INFO    ACC connection thread ContactExtension.findOtherCars()                       : Contact: ?#17 		-4.44m	00:24:56
[20260123-21:23:15-179] INFO    ACC connection thread ContactExtension.commitContact()                       : Contact: #1  , #17 	00:24:56	00:27:27
[20260123-21:23:15-179] INFO    ACC connection thread ContactExtension.matchYellowEvents()                   : 	matched flag nr.209	#1  	+0.327s
[20260123-21:23:15-179] INFO    ACC connection thread ContactExtension.logYellowFlagContactInfo()            : 		#17 	61.47m
[20260123-21:23:16-961] INFO    ACC connection thread LapTimeExtension.onLapComplete()                       : Lap completed: #4  	2:04.132	
[20260123-21:23:29-759] INFO    ACC connection thread LapTimeExtension.onLapComplete()                       : Lap completed: #44 	2:04.015	[PB]
[20260123-21:23:30-776] INFO    ACC connection thread LapTimeExtension.onLapComplete()                       : Lap completed: #47 	2:08.105	[Inlap]
[20260123-21:23:33-059] INFO    ACC connection thread LapTimeExtension.onLapComplete()                       : Lap completed: #25 	2:03.270	
[20260123-21:23:33-476] INFO    ACC connection thread DangerDetectionExtension.setYellowFlag()               : Yellow Flag nr.210 :#33 	00:25:20	00:27:52	[Spin]
[20260123-21:23:43-080] INFO    ACC connection thread LapTimeExtension.onLapComplete()                       : Lap completed: #30 	2:06.120	[PB]
[20260123-21:23:43-960] INFO    ACC connection thread DangerDetectionExtension.setYellowFlag()               : Yellow Flag nr.211 :#33 	00:25:31	00:28:02	[Spin]
[20260123-21:23:55-312] INFO    ACC connection thread LapTimeExtension.onLapComplete()                       : Lap completed: #188	2:07.272	
[20260123-21:23:57-180] INFO    ACC connection thread LapTimeExtension.onLapComplete()                       : Lap completed: #18 	2:06.765	[PB]
[20260123-21:23:58-032] INFO    ACC connection thread LapTimeExtension.onLapComplete()                       : Lap completed: #17 	2:02.272	
[20260123-21:24:07-897] INFO    ACC connection thread LapTimeExtension.onLapComplete()                       : Lap completed: #1  	2:20.165	
[20260123-21:24:11-502] INFO    ACC connection thread LapTimeExtension.onLapComplete()                       : Lap completed: #14 	2:12.407	[PB]
[20260123-21:24:15-797] INFO    ACC connection thread LapTimeExtension.onLapComplete()                       : Lap completed: #32 	2:24.845	[Outlap]
[20260123-21:24:15-990] INFO    ACC connection thread DangerDetectionExtension.setYellowFlag()               : Yellow Flag nr.212 :#46 	00:26:03	00:28:34	[Spin]
[20260123-21:24:28-056] INFO    ACC connection thread LapTimeExtension.onLapComplete()                       : Lap completed: #33 	2:07.355	
[20260123-21:24:54-067] INFO    ACC connection thread LapTimeExtension.onLapComplete()                       : Lap completed: #477	2:37.765	[Outlap]
[20260123-21:24:54-287] INFO    ACC connection thread LapTimeExtension.onLapComplete()                       : Lap completed: #96 	2:14.517	[PB]
[20260123-21:25:02-528] INFO    ACC connection thread LapTimeExtension.onLapComplete()                       : Lap completed: #87 	1:59.995	
[20260123-21:25:05-615] INFO    ACC connection thread LapTimeExtension.onLapComplete()                       : Lap completed: #26 	2:33.590	[Outlap]
[20260123-21:25:10-139] INFO    ACC connection thread LapTimeExtension.onLapComplete()                       : Lap completed: #2  	2:04.645	
[20260123-21:25:11-099] INFO    ACC connection thread LapTimeExtension.onLapComplete()                       : Lap completed: #99 	2:05.582	
[20260123-21:25:15-561] INFO    ACC connection thread LapTimeExtension.onLapComplete()                       : Lap completed: #19 	2:10.807	
[20260123-21:25:20-248] INFO    ACC connection thread LapTimeExtension.onLapComplete()                       : Lap completed: #4  	2:03.292	[PB]
[20260123-21:25:21-212] INFO    ACC connection thread AccConnection.lambda$checkForDisconnects$0()           : Car disconnected: #777	Igor Castro
[20260123-21:25:24-600] INFO    ACC connection thread LapTimeExtension.onLapComplete()                       : Lap completed: #46 	2:31.105	
[20260123-21:25:26-305] INFO    ACC connection thread DangerDetectionExtension.setYellowFlag()               : Yellow Flag nr.213 :#44 	00:27:13	00:29:44	[Spin]
[20260123-21:25:35-422] INFO    ACC connection thread LapTimeExtension.onLapComplete()                       : Lap completed: #44 	2:05.475	
[20260123-21:25:35-746] INFO    ACC connection thread LapTimeExtension.onLapComplete()                       : Lap completed: #25 	2:02.645	
[20260123-21:25:43-659] INFO    ACC connection thread ContactExtension.findOtherCars()                       : Contact: ?#32 		-3.80m	00:27:24
[20260123-21:25:43-659] INFO    ACC connection thread ContactExtension.commitContact()                       : Contact: #14 , #32 	00:27:24	00:29:56
[20260123-21:25:49-678] INFO    ACC connection thread LapTimeExtension.onLapComplete()                       : Lap completed: #30 	2:06.635	
[20260123-21:25:59-746] INFO    ACC connection thread LapTimeExtension.onLapComplete()                       : Lap completed: #17 	2:01.707	
[20260123-21:26:00-582] INFO    ACC connection thread LapTimeExtension.onLapComplete()                       : Lap completed: #188	2:05.275	
[20260123-21:26:03-113] INFO    ACC connection thread LapTimeExtension.onLapComplete()                       : Lap completed: #18 	2:05.902	[PB]
[20260123-21:26:12-348] INFO    ACC connection thread LapTimeExtension.onLapComplete()                       : Lap completed: #47 	2:41.712	[Outlap]
[20260123-21:26:21-634] INFO    ACC connection thread LapTimeExtension.onLapComplete()                       : Lap completed: #1  	2:13.782	
[20260123-21:26:26-719] INFO    ACC connection thread LapTimeExtension.onLapComplete()                       : Lap completed: #14 	2:15.062	
[20260123-21:26:29-762] INFO    ACC connection thread LapTimeExtension.onLapComplete()                       : Lap completed: #32 	2:13.922	[Inlap]
[20260123-21:26:30-068] INFO    ACC connection thread LapTimeExtension.onLapComplete()                       : Lap completed: #33 	2:02.052	
[20260123-21:26:53-644] INFO    ACC connection thread LapTimeExtension.onLapComplete()                       : Lap completed: #477	1:59.567	
[20260123-21:27:02-589] INFO    ACC connection thread LapTimeExtension.onLapComplete()                       : Lap completed: #87 	2:00.060	
[20260123-21:27:07-665] INFO    ACC connection thread LapTimeExtension.onLapComplete()                       : Lap completed: #26 	2:01.990	
[20260123-21:27:09-387] INFO    ACC connection thread StintTimeExtension.broadcastingEvent()                 : Liberado do pare&siga	#47 	02:04	PITLANE
[20260123-21:27:09-678] INFO    ACC connection thread LapTimeExtension.onLapComplete()                       : Lap completed: #96 	2:15.392	
[20260123-21:27:12-016] INFO    ACC connection thread LapTimeExtension.onLapComplete()                       : Lap completed: #2  	2:01.890	
[20260123-21:27:12-323] INFO    ACC connection thread LapTimeExtension.onLapComplete()                       : Lap completed: #99 	2:01.220	
[20260123-21:27:19-577] INFO    ACC connection thread LapTimeExtension.onLapComplete()                       : Lap completed: #19 	2:04.010	
[20260123-21:27:20-845] INFO    ACC connection thread DangerDetectionExtension.setYellowFlag()               : Yellow Flag nr.214 :#46 	00:29:08	00:31:39	[Spin]
[20260123-21:27:21-377] INFO    ACC connection thread LapTimeExtension.onLapComplete()                       : Lap completed: #4  	2:01.152	
[20260123-21:27:27-016] INFO    ACC connection thread StintTimeExtension.broadcastingEvent()                 : Liberado do pare&siga	#32 	04:14	PITLANE
[20260123-21:27:31-825] INFO    ACC connection thread DangerDetectionExtension.setYellowFlag()               : Yellow Flag nr.215 :#47 	00:29:18	00:31:50	[Spin]
[20260123-21:27:38-495] INFO    ACC connection thread ContactExtension.commitContact()                       : Contact: #47 , #26 	00:29:19	00:31:51
[20260123-21:27:38-496] INFO    ACC connection thread ContactExtension.matchYellowEvents()                   : 	matched flag nr.215	#47 	-0.515s
[20260123-21:27:38-496] INFO    ACC connection thread ContactExtension.logYellowFlagContactInfo()            : 		#26 	209.76m
[20260123-21:27:38-498] INFO    ACC connection thread LapTimeExtension.onLapComplete()                       : Lap completed: #25 	2:02.732	
[20260123-21:27:39-443] INFO    ACC connection thread LapTimeExtension.onLapComplete()                       : Lap completed: #44 	2:04.007	[PB]
[20260123-21:27:41-309] INFO    ACC connection thread LapTimeExtension.onLapComplete()                       : Lap completed: #46 	2:16.762	
[20260123-21:27:56-635] INFO    ACC connection thread LapTimeExtension.onLapComplete()                       : Lap completed: #30 	2:07.010	
[20260123-21:28:02-940] INFO    ACC connection thread LapTimeExtension.onLapComplete()                       : Lap completed: #17 	2:03.192	
[20260123-21:28:05-427] INFO    ACC connection thread LapTimeExtension.onLapComplete()                       : Lap completed: #188	2:04.850	
[20260123-21:28:10-134] INFO    ACC connection thread LapTimeExtension.onLapComplete()                       : Lap completed: #18 	2:07.045	
[20260123-21:28:12-909] INFO    ACC connection thread AccConnection.onSessionPhaseChaged()                   : session phase changed to SESSIONOVER
[20260123-21:28:21-298] INFO    ACC connection thread DangerDetectionExtension.setYellowFlag()               : Yellow Flag nr.216 :#1  	00:30:08	00:32:39	[Spin]
[20260123-21:28:26-629] INFO    ACC connection thread ContactExtension.commitContact()                       : Contact: #1  , #33 	00:30:07	00:32:39
[20260123-21:28:26-629] INFO    ACC connection thread ContactExtension.matchYellowEvents()                   : 	matched flag nr.216	#1  	+0.832s
[20260123-21:28:26-629] INFO    ACC connection thread ContactExtension.logYellowFlagContactInfo()            : 		#33 	76.52m
[20260123-21:28:35-856] INFO    ACC connection thread LapTimeExtension.onLapComplete()                       : Lap completed: #33 	2:05.720	
[20260123-21:28:37-590] INFO    ACC connection thread DangerDetectionExtension.setYellowFlag()               : Yellow Flag nr.217 :#47 	00:30:24	00:32:56	[Spin]
[20260123-21:28:39-781] INFO    ACC connection thread LapTimeExtension.onLapComplete()                       : Lap completed: #1  	2:18.117	
[20260123-21:28:41-731] INFO    ACC connection thread LapTimeExtension.onLapComplete()                       : Lap completed: #14 	2:15.107	
[20260123-21:28:44-442] INFO    ACC connection thread DangerDetectionExtension.setYellowFlag()               : Yellow Flag nr.218 :#30 	00:30:31	00:33:03	[Spin]
[20260123-21:28:53-411] INFO    ACC connection thread LapTimeExtension.onLapComplete()                       : Lap completed: #477	1:59.775	
[20260123-21:29:03-014] INFO    ACC connection thread LapTimeExtension.onLapComplete()                       : Lap completed: #87 	2:00.415	
[20260123-21:29:12-435] INFO    ACC connection thread LapTimeExtension.onLapComplete()                       : Lap completed: #26 	2:04.827	
[20260123-21:29:13-373] INFO    ACC connection thread LapTimeExtension.onLapComplete()                       : Lap completed: #2  	2:01.382	
[20260123-21:29:14-545] INFO    ACC connection thread LapTimeExtension.onLapComplete()                       : Lap completed: #99 	2:02.172	
[20260123-21:29:17-607] INFO    ACC connection thread ContactExtension.commitContact()                       : Contact: #4  , #47 	00:30:58	00:33:30
[20260123-21:29:27-309] INFO    ACC connection thread LapTimeExtension.onLapComplete()                       : Lap completed: #19 	2:07.725	
[20260123-21:29:27-630] INFO    ACC connection thread DangerDetectionExtension.setYellowFlag()               : Yellow Flag nr.219 :#30 	00:31:14	00:33:46	[Spin]
[20260123-21:29:28-589] INFO    ACC connection thread LapTimeExtension.onLapComplete()                       : Lap completed: #4  	2:06.977	
[20260123-21:29:31-430] INFO    ACC connection thread LapTimeExtension.onLapComplete()                       : Lap completed: #96 	2:21.720	
[20260123-21:29:36-264] INFO    ACC connection thread DangerDetectionExtension.setYellowFlag()               : Yellow Flag nr.220 :#47 	00:31:23	00:33:54	[Spin]
[20260123-21:29:38-269] INFO    ACC connection thread LapTimeExtension.onLapComplete()                       : Lap completed: #32 	3:08.530	[Outlap]
[20260123-21:29:41-439] INFO    ACC connection thread LapTimeExtension.onLapComplete()                       : Lap completed: #25 	2:02.982	
[20260123-21:29:43-287] INFO    ACC connection thread LapTimeExtension.onLapComplete()                       : Lap completed: #44 	2:03.822	
[20260123-21:29:47-572] INFO    ACC connection thread AccConnection.lambda$checkForDisconnects$0()           : Car disconnected: #96 	Christian Horyn | G2R
[20260123-21:29:54-938] INFO    ACC connection thread DangerDetectionExtension.setYellowFlag()               : Yellow Flag nr.221 :#188	00:31:42	00:34:13	[Spin]
[20260123-21:29:56-188] INFO    ACC connection thread LapTimeExtension.onLapComplete()                       : Lap completed: #46 	2:14.555	
[20260123-21:29:58-883] INFO    ACC connection thread DangerDetectionExtension.setYellowFlag()               : Yellow Flag nr.222 :#33 	00:31:46	00:34:17	[Spin]
[20260123-21:29:59-938] INFO    ACC connection thread AccConnection.lambda$checkForDisconnects$0()           : Car disconnected: #477	Rodrigo  Lopes
[20260123-21:30:02-846] INFO    ACC connection thread DangerDetectionExtension.setYellowFlag()               : Yellow Flag nr.223 :#33 	00:31:50	00:34:21	[Spin]
[20260123-21:30:03-370] INFO    ACC connection thread AccConnection.lambda$checkForDisconnects$0()           : Car disconnected: #47 	Lucas  Guimarães |GPX G²
[20260123-21:30:04-931] INFO    ACC connection thread LapTimeExtension.onLapComplete()                       : Lap completed: #17 	2:01.400	
[20260123-21:30:13-364] INFO    ACC connection thread DangerDetectionExtension.setYellowFlag()               : Yellow Flag nr.224 :#33 	00:32:00	00:34:31	[Spin]
[20260123-21:30:21-273] INFO    ACC connection thread LapTimeExtension.onLapComplete()                       : Lap completed: #188	2:07.910	
[20260123-21:30:21-999] INFO    ACC connection thread AccConnection.lambda$checkForDisconnects$0()           : Car disconnected: #87 	Luiz Ribeiro
[20260123-21:30:22-942] INFO    ACC connection thread DangerDetectionExtension.setYellowFlag()               : Yellow Flag nr.225 :#30 	00:32:10	00:34:41	[Spin]
[20260123-21:30:25-886] INFO    ACC connection thread AccConnection.lambda$checkForDisconnects$0()           : Car disconnected: #44 	Daniel Antunes
[20260123-21:30:25-886] INFO    ACC connection thread AccConnection.lambda$checkForDisconnects$0()           : Car disconnected: #4  	Willian Garcia
[20260123-21:30:26-096] INFO    ACC connection thread AccConnection.lambda$checkForDisconnects$0()           : Car disconnected: #188	Nelson JANIQUES
[20260123-21:30:26-096] INFO    ACC connection thread AccConnection.lambda$checkForDisconnects$0()           : Car disconnected: #14 	Matheus Souza | G2R
[20260123-21:30:26-096] INFO    ACC connection thread AccConnection.lambda$checkForDisconnects$0()           : Car disconnected: #46 	MAIKON LIMA
[20260123-21:30:26-096] INFO    ACC connection thread AccConnection.lambda$checkForDisconnects$0()           : Car disconnected: #3  	C Faber | EXY
[20260123-21:30:26-096] INFO    ACC connection thread AccConnection.lambda$checkForDisconnects$0()           : Car disconnected: #99 	Matheus  G Santos
[20260123-21:30:26-096] INFO    ACC connection thread AccConnection.lambda$checkForDisconnects$0()           : Car disconnected: #32 	Wesley Zinko
[20260123-21:30:26-096] INFO    ACC connection thread AccConnection.lambda$checkForDisconnects$0()           : Car disconnected: #19 	Arilson 
[20260123-21:30:26-096] INFO    ACC connection thread AccConnection.lambda$checkForDisconnects$0()           : Car disconnected: #25 	Cardoso  Cleisson | GPX G²
[20260123-21:30:26-200] INFO    ACC connection thread AccConnection.lambda$checkForDisconnects$0()           : Car disconnected: #17 	Arthur Lima
[20260123-21:30:26-201] INFO    ACC connection thread AccConnection.lambda$checkForDisconnects$0()           : Car disconnected: #111	K. Maceratti
[20260123-21:30:26-201] INFO    ACC connection thread AccConnection.lambda$checkForDisconnects$0()           : Car disconnected: #1  	Daniel Rodrigues I EXY
[20260123-21:30:26-201] INFO    ACC connection thread AccConnection.lambda$checkForDisconnects$0()           : Car disconnected: #2  	A Ubinski
[20260123-21:30:26-202] INFO    ACC connection thread AccConnection.lambda$checkForDisconnects$0()           : Car disconnected: #30 	John  Alex
[20260123-21:30:26-202] INFO    ACC connection thread AccConnection.lambda$checkForDisconnects$0()           : Car disconnected: #33 	Henrique Fabris
[20260123-21:30:26-202] INFO    ACC connection thread AccConnection.lambda$checkForDisconnects$0()           : Car disconnected: #26 	Anderson Crepaldi | MAV
[20260123-21:30:26-202] INFO    ACC connection thread AccConnection.lambda$checkForDisconnects$0()           : Car disconnected: #18 	Juan Carlos T. Jimenez
[20260123-21:30:53-456] INFO    ACC connection thread AccConnection.onSessionPhaseChaged()                   : session phase changed to POSTSESSION
[20260123-21:32:06-487] WARNING ACC connection thread AccConnection.run()                                    : Socket timed out.
java.net.SocketTimeoutException: Receive timed out
	at java.base/java.net.DualStackPlainDatagramSocketImpl.socketReceiveOrPeekData(Native Method)
	at java.base/java.net.DualStackPlainDatagramSocketImpl.receive0(DualStackPlainDatagramSocketImpl.java:124)
	at java.base/java.net.AbstractPlainDatagramSocketImpl.receive(AbstractPlainDatagramSocketImpl.java:182)
	at java.base/java.net.DatagramSocket.receive(DatagramSocket.java:815)
	at racecontrol.client.AccConnection.run(AccConnection.java:150)

[20260123-21:32:06-488] INFO    ACC connection thread AccConnection.run()                                    : Connection thread done
[20260123-21:33:04-985] INFO    AWT-EventQueue-0     RaceControlApplet.exit()                               : Stopping Visualisation
